2021-02-23 11:39:22 [183.136.225.56][-][-][error][yii\web\HttpException:404] yii\base\InvalidRouteException: Unable to resolve the request "login". in /www/wwwroot/lottery_xl/vendor/yiisoft/yii2/base/Module.php:537
Stack trace:
#0 /www/wwwroot/lottery_xl/vendor/yiisoft/yii2/web/Application.php(103): yii\base\Module->runAction('login', Array)
#1 /www/wwwroot/lottery_xl/vendor/yiisoft/yii2/base/Application.php(387): yii\web\Application->handleRequest(Object(common\web\Request))
#2 /www/wwwroot/lottery_xl/backend/web/index.php(22): yii\base\Application->run()
#3 {main}

Next yii\web\NotFoundHttpException: 页面未找到。 in /www/wwwroot/lottery_xl/vendor/yiisoft/yii2/web/Application.php:115
Stack trace:
#0 /www/wwwroot/lottery_xl/vendor/yiisoft/yii2/base/Application.php(387): yii\web\Application->handleRequest(Object(common\web\Request))
#1 /www/wwwroot/lottery_xl/backend/web/index.php(22): yii\base\Application->run()
#2 {main}
2021-02-23 11:39:22 [183.136.225.56][-][-][info][application] $_GET = []

$_POST = []

$_FILES = []

$_COOKIE = []

$_SERVER = [
    'USER' => 'www'
    'HOME' => '/home/www'
    'HTTP_CONNECTION' => 'keep-alive'
    'HTTP_ACCEPT' => '*/*'
    'HTTP_USER_AGENT' => 'Mozilla/5.0 (Macintosh; Intel Mac OS X 10.11; rv:47.0) Gecko/20100101 Firefox/47.0'
    'HTTP_HOST' => '120.77.157.40'
    'PATH_INFO' => ''
    'REDIRECT_STATUS' => '200'
    'SERVER_NAME' => '120.77.157.40'
    'SERVER_PORT' => '80'
    'SERVER_ADDR' => '172.18.225.115'
    'REMOTE_PORT' => '50866'
    'REMOTE_ADDR' => '183.136.225.56'
    'SERVER_SOFTWARE' => 'nginx/1.18.0'
    'GATEWAY_INTERFACE' => 'CGI/1.1'
    'REQUEST_SCHEME' => 'http'
    'SERVER_PROTOCOL' => 'HTTP/1.1'
    'DOCUMENT_ROOT' => '/www/wwwroot/lottery_xl/backend/web'
    'DOCUMENT_URI' => '/index.php'
    'REQUEST_URI' => '/login'
    'SCRIPT_NAME' => '/index.php'
    'CONTENT_LENGTH' => ''
    'CONTENT_TYPE' => ''
    'REQUEST_METHOD' => 'GET'
    'QUERY_STRING' => ''
    'SCRIPT_FILENAME' => '/www/wwwroot/lottery_xl/backend/web/index.php'
    'FCGI_ROLE' => 'RESPONDER'
    'PHP_SELF' => '/index.php'
    'REQUEST_TIME_FLOAT' => 1614051562.3374
    'REQUEST_TIME' => 1614051562
]
2021-02-23 13:17:34 [13.66.164.15][-][-][error][yii\web\HttpException:404] yii\base\InvalidRouteException: Unable to resolve the request ".env". in /www/wwwroot/lottery_xl/vendor/yiisoft/yii2/base/Module.php:537
Stack trace:
#0 /www/wwwroot/lottery_xl/vendor/yiisoft/yii2/web/Application.php(103): yii\base\Module->runAction('.env', Array)
#1 /www/wwwroot/lottery_xl/vendor/yiisoft/yii2/base/Application.php(387): yii\web\Application->handleRequest(Object(common\web\Request))
#2 /www/wwwroot/lottery_xl/backend/web/index.php(22): yii\base\Application->run()
#3 {main}

Next yii\web\NotFoundHttpException: 页面未找到。 in /www/wwwroot/lottery_xl/vendor/yiisoft/yii2/web/Application.php:115
Stack trace:
#0 /www/wwwroot/lottery_xl/vendor/yiisoft/yii2/base/Application.php(387): yii\web\Application->handleRequest(Object(common\web\Request))
#1 /www/wwwroot/lottery_xl/backend/web/index.php(22): yii\base\Application->run()
#2 {main}
2021-02-23 13:17:34 [13.66.164.15][-][-][info][application] $_GET = []

$_POST = []

$_FILES = []

$_COOKIE = []

$_SERVER = [
    'USER' => 'www'
    'HOME' => '/home/www'
    'HTTP_USER_AGENT' => 'Mozilla/5.0 (X11; Linux x86_64) AppleWebKit/537.36 (KHTML, like Gecko) Chrome/81.0.4044.129 Safari/537.36'
    'HTTP_ACCEPT' => '*/*'
    'HTTP_ACCEPT_ENCODING' => 'gzip, deflate'
    'HTTP_CONNECTION' => 'keep-alive'
    'HTTP_HOST' => '120.77.157.40'
    'PATH_INFO' => ''
    'REDIRECT_STATUS' => '200'
    'SERVER_NAME' => '120.77.157.40'
    'SERVER_PORT' => '80'
    'SERVER_ADDR' => '172.18.225.115'
    'REMOTE_PORT' => '51968'
    'REMOTE_ADDR' => '13.66.164.15'
    'SERVER_SOFTWARE' => 'nginx/1.18.0'
    'GATEWAY_INTERFACE' => 'CGI/1.1'
    'REQUEST_SCHEME' => 'http'
    'SERVER_PROTOCOL' => 'HTTP/1.1'
    'DOCUMENT_ROOT' => '/www/wwwroot/lottery_xl/backend/web'
    'DOCUMENT_URI' => '/index.php'
    'REQUEST_URI' => '/.env'
    'SCRIPT_NAME' => '/index.php'
    'CONTENT_LENGTH' => ''
    'CONTENT_TYPE' => ''
    'REQUEST_METHOD' => 'GET'
    'QUERY_STRING' => ''
    'SCRIPT_FILENAME' => '/www/wwwroot/lottery_xl/backend/web/index.php'
    'FCGI_ROLE' => 'RESPONDER'
    'PHP_SELF' => '/index.php'
    'REQUEST_TIME_FLOAT' => 1614057454.5462
    'REQUEST_TIME' => 1614057454
]
2021-02-23 14:05:17 [127.0.0.1][-][-][error][yii\base\ErrorException:2] yii\base\ErrorException: Invalid argument supplied for foreach() in /www/wwwroot/lottery_xl/common/kj/qxc/QxcTcw.php:182
Stack trace:
#0 /www/wwwroot/lottery_xl/common/kj/qxc/QxcTcw.php(182): yii\base\ErrorHandler->handleError(2, 'Invalid argumen...', '/www/wwwroot/lo...', 182, Array)
#1 /www/wwwroot/lottery_xl/common/kj/qxc/QxcTcw.php(128): common\kj\qxc\QxcTcw::QixingCaiBatchDatas(1, 1)
#2 /www/wwwroot/lottery_xl/common/kj/qxc/QxcTcw.php(91): common\kj\qxc\QxcTcw::QixingCaiBatch(1, 1)
#3 /www/wwwroot/lottery_xl/backend/service/HN0898Service.php(1305): common\kj\qxc\QxcTcw::getTcwOne('json', 2)
#4 /www/wwwroot/lottery_xl/backend/service/McKeyService.php(22): backend\service\HN0898Service::getCurrentQihao('1')
#5 /www/wwwroot/lottery_xl/backend/service/StaticService.php(2467): backend\service\McKeyService::buildStaticMKey('staticAll2NumsY...', '1')
#6 /www/wwwroot/lottery_xl/backend/service/StaticService.php(2132): backend\service\StaticService::isCanOpStatic('1', 'staticAll2NumsY...')
#7 /www/wwwroot/lottery_xl/backend/modules/cron/controllers/IndexController.php(99): backend\service\StaticService::staticAll2NumsYl()
#8 [internal function]: backend\modules\cron\controllers\IndexController->actionOpStatic()
#9 /www/wwwroot/lottery_xl/vendor/yiisoft/yii2/base/InlineAction.php(57): call_user_func_array(Array, Array)
#10 /www/wwwroot/lottery_xl/vendor/yiisoft/yii2/base/Controller.php(157): yii\base\InlineAction->runWithParams(Array)
#11 /www/wwwroot/lottery_xl/vendor/yiisoft/yii2/base/Module.php(528): yii\base\Controller->runAction('op-static', Array)
#12 /www/wwwroot/lottery_xl/vendor/yiisoft/yii2/web/Application.php(103): yii\base\Module->runAction('cron/index/op-s...', Array)
#13 /www/wwwroot/lottery_xl/vendor/yiisoft/yii2/base/Application.php(387): yii\web\Application->handleRequest(Object(common\web\Request))
#14 /www/wwwroot/lottery_xl/backend/web/index.php(22): yii\base\Application->run()
#15 {main}
2021-02-23 14:05:01 [127.0.0.1][-][-][info][application] $_GET = []

$_POST = []

$_FILES = []

$_COOKIE = []

$_SERVER = [
    'USER' => 'www'
    'HOME' => '/home/www'
    'HTTP_ACCEPT' => '*/*'
    'HTTP_USER_AGENT' => 'curl/7.61.1'
    'HTTP_HOST' => 'www.lottery.com'
    'PATH_INFO' => ''
    'REDIRECT_STATUS' => '200'
    'SERVER_NAME' => 'lt.sm0898.com'
    'SERVER_PORT' => '80'
    'SERVER_ADDR' => '127.0.0.1'
    'REMOTE_PORT' => '53638'
    'REMOTE_ADDR' => '127.0.0.1'
    'SERVER_SOFTWARE' => 'nginx/1.18.0'
    'GATEWAY_INTERFACE' => 'CGI/1.1'
    'REQUEST_SCHEME' => 'http'
    'SERVER_PROTOCOL' => 'HTTP/1.1'
    'DOCUMENT_ROOT' => '/www/wwwroot/lottery_xl/backend/web'
    'DOCUMENT_URI' => '/index.php'
    'REQUEST_URI' => '/cron/index/op-static'
    'SCRIPT_NAME' => '/index.php'
    'CONTENT_LENGTH' => ''
    'CONTENT_TYPE' => ''
    'REQUEST_METHOD' => 'GET'
    'QUERY_STRING' => ''
    'SCRIPT_FILENAME' => '/www/wwwroot/lottery_xl/backend/web/index.php'
    'FCGI_ROLE' => 'RESPONDER'
    'PHP_SELF' => '/index.php'
    'REQUEST_TIME_FLOAT' => 1614060301.7424
    'REQUEST_TIME' => 1614060301
]
2021-02-23 15:49:15 [207.154.195.167][-][-][error][yii\web\HttpException:404] yii\base\InvalidRouteException: Unable to resolve the request "boaform/admin/formLogin". in /www/wwwroot/lottery_xl/vendor/yiisoft/yii2/base/Module.php:537
Stack trace:
#0 /www/wwwroot/lottery_xl/vendor/yiisoft/yii2/web/Application.php(103): yii\base\Module->runAction('boaform/admin/f...', Array)
#1 /www/wwwroot/lottery_xl/vendor/yiisoft/yii2/base/Application.php(387): yii\web\Application->handleRequest(Object(common\web\Request))
#2 /www/wwwroot/lottery_xl/backend/web/index.php(22): yii\base\Application->run()
#3 {main}

Next yii\web\NotFoundHttpException: 页面未找到。 in /www/wwwroot/lottery_xl/vendor/yiisoft/yii2/web/Application.php:115
Stack trace:
#0 /www/wwwroot/lottery_xl/vendor/yiisoft/yii2/base/Application.php(387): yii\web\Application->handleRequest(Object(common\web\Request))
#1 /www/wwwroot/lottery_xl/backend/web/index.php(22): yii\base\Application->run()
#2 {main}
2021-02-23 15:49:15 [207.154.195.167][-][-][info][application] $_GET = []

$_POST = [
    'username' => 'admin'
    'psd' => 'Feefifofum'
]

$_FILES = []

$_COOKIE = []

$_SERVER = [
    'USER' => 'www'
    'HOME' => '/home/www'
    'HTTP_UPGRADE_INSECURE_REQUESTS' => '1'
    'HTTP_REFERER' => 'http://120.77.157.40:80/admin/login.asp'
    'HTTP_CONNECTION' => 'keep-alive'
    'HTTP_ORIGIN' => 'http://120.77.157.40:80'
    'HTTP_CONTENT_LENGTH' => '29'
    'HTTP_CONTENT_TYPE' => 'application/x-www-form-urlencoded'
    'HTTP_ACCEPT_ENCODING' => 'gzip, deflate'
    'HTTP_ACCEPT_LANGUAGE' => 'en-GB,en;q=0.5'
    'HTTP_ACCEPT' => 'text/html,application/xhtml+xml,application/xml;q=0.9,*/*;q=0.8'
    'HTTP_USER_AGENT' => 'Mozilla/5.0 (X11; Ubuntu; Linux x86_64; rv:71.0) Gecko/20100101 Firefox/71.0'
    'HTTP_HOST' => '120.77.157.40:80'
    'PATH_INFO' => ''
    'REDIRECT_STATUS' => '200'
    'SERVER_NAME' => '120.77.157.40'
    'SERVER_PORT' => '80'
    'SERVER_ADDR' => '172.18.225.115'
    'REMOTE_PORT' => '59448'
    'REMOTE_ADDR' => '207.154.195.167'
    'SERVER_SOFTWARE' => 'nginx/1.18.0'
    'GATEWAY_INTERFACE' => 'CGI/1.1'
    'REQUEST_SCHEME' => 'http'
    'SERVER_PROTOCOL' => 'HTTP/1.1'
    'DOCUMENT_ROOT' => '/www/wwwroot/lottery_xl/backend/web'
    'DOCUMENT_URI' => '/index.php'
    'REQUEST_URI' => '/boaform/admin/formLogin'
    'SCRIPT_NAME' => '/index.php'
    'CONTENT_LENGTH' => '29'
    'CONTENT_TYPE' => 'application/x-www-form-urlencoded'
    'REQUEST_METHOD' => 'POST'
    'QUERY_STRING' => ''
    'SCRIPT_FILENAME' => '/www/wwwroot/lottery_xl/backend/web/index.php'
    'FCGI_ROLE' => 'RESPONDER'
    'PHP_SELF' => '/index.php'
    'REQUEST_TIME_FLOAT' => 1614066555.4681
    'REQUEST_TIME' => 1614066555
]
2021-02-23 16:08:26 [207.154.195.167][-][-][error][yii\web\HttpException:404] yii\base\InvalidRouteException: Unable to resolve the request "boaform/admin/formLogin". in /www/wwwroot/lottery_xl/vendor/yiisoft/yii2/base/Module.php:537
Stack trace:
#0 /www/wwwroot/lottery_xl/vendor/yiisoft/yii2/web/Application.php(103): yii\base\Module->runAction('boaform/admin/f...', Array)
#1 /www/wwwroot/lottery_xl/vendor/yiisoft/yii2/base/Application.php(387): yii\web\Application->handleRequest(Object(common\web\Request))
#2 /www/wwwroot/lottery_xl/backend/web/index.php(22): yii\base\Application->run()
#3 {main}

Next yii\web\NotFoundHttpException: 页面未找到。 in /www/wwwroot/lottery_xl/vendor/yiisoft/yii2/web/Application.php:115
Stack trace:
#0 /www/wwwroot/lottery_xl/vendor/yiisoft/yii2/base/Application.php(387): yii\web\Application->handleRequest(Object(common\web\Request))
#1 /www/wwwroot/lottery_xl/backend/web/index.php(22): yii\base\Application->run()
#2 {main}
2021-02-23 16:08:26 [207.154.195.167][-][-][info][application] $_GET = []

$_POST = [
    'username' => 'admin'
    'psd' => 'Feefifofum'
]

$_FILES = []

$_COOKIE = []

$_SERVER = [
    'USER' => 'www'
    'HOME' => '/home/www'
    'HTTP_UPGRADE_INSECURE_REQUESTS' => '1'
    'HTTP_REFERER' => 'http://120.77.157.40:80/admin/login.asp'
    'HTTP_CONNECTION' => 'keep-alive'
    'HTTP_ORIGIN' => 'http://120.77.157.40:80'
    'HTTP_CONTENT_LENGTH' => '29'
    'HTTP_CONTENT_TYPE' => 'application/x-www-form-urlencoded'
    'HTTP_ACCEPT_ENCODING' => 'gzip, deflate'
    'HTTP_ACCEPT_LANGUAGE' => 'en-GB,en;q=0.5'
    'HTTP_ACCEPT' => 'text/html,application/xhtml+xml,application/xml;q=0.9,*/*;q=0.8'
    'HTTP_USER_AGENT' => 'Mozilla/5.0 (X11; Ubuntu; Linux x86_64; rv:71.0) Gecko/20100101 Firefox/71.0'
    'HTTP_HOST' => '120.77.157.40:80'
    'PATH_INFO' => ''
    'REDIRECT_STATUS' => '200'
    'SERVER_NAME' => '120.77.157.40'
    'SERVER_PORT' => '80'
    'SERVER_ADDR' => '172.18.225.115'
    'REMOTE_PORT' => '36468'
    'REMOTE_ADDR' => '207.154.195.167'
    'SERVER_SOFTWARE' => 'nginx/1.18.0'
    'GATEWAY_INTERFACE' => 'CGI/1.1'
    'REQUEST_SCHEME' => 'http'
    'SERVER_PROTOCOL' => 'HTTP/1.1'
    'DOCUMENT_ROOT' => '/www/wwwroot/lottery_xl/backend/web'
    'DOCUMENT_URI' => '/index.php'
    'REQUEST_URI' => '/boaform/admin/formLogin'
    'SCRIPT_NAME' => '/index.php'
    'CONTENT_LENGTH' => '29'
    'CONTENT_TYPE' => 'application/x-www-form-urlencoded'
    'REQUEST_METHOD' => 'POST'
    'QUERY_STRING' => ''
    'SCRIPT_FILENAME' => '/www/wwwroot/lottery_xl/backend/web/index.php'
    'FCGI_ROLE' => 'RESPONDER'
    'PHP_SELF' => '/index.php'
    'REQUEST_TIME_FLOAT' => 1614067706.7953
    'REQUEST_TIME' => 1614067706
]
2021-02-23 18:43:02 [207.154.195.167][-][-][error][yii\web\HttpException:404] yii\base\InvalidRouteException: Unable to resolve the request "boaform/admin/formLogin". in /www/wwwroot/lottery_xl/vendor/yiisoft/yii2/base/Module.php:537
Stack trace:
#0 /www/wwwroot/lottery_xl/vendor/yiisoft/yii2/web/Application.php(103): yii\base\Module->runAction('boaform/admin/f...', Array)
#1 /www/wwwroot/lottery_xl/vendor/yiisoft/yii2/base/Application.php(387): yii\web\Application->handleRequest(Object(common\web\Request))
#2 /www/wwwroot/lottery_xl/backend/web/index.php(22): yii\base\Application->run()
#3 {main}

Next yii\web\NotFoundHttpException: 页面未找到。 in /www/wwwroot/lottery_xl/vendor/yiisoft/yii2/web/Application.php:115
Stack trace:
#0 /www/wwwroot/lottery_xl/vendor/yiisoft/yii2/base/Application.php(387): yii\web\Application->handleRequest(Object(common\web\Request))
#1 /www/wwwroot/lottery_xl/backend/web/index.php(22): yii\base\Application->run()
#2 {main}
2021-02-23 18:43:02 [207.154.195.167][-][-][info][application] $_GET = []

$_POST = [
    'username' => 'admin'
    'psd' => 'Feefifofum'
]

$_FILES = []

$_COOKIE = []

$_SERVER = [
    'USER' => 'www'
    'HOME' => '/home/www'
    'HTTP_UPGRADE_INSECURE_REQUESTS' => '1'
    'HTTP_REFERER' => 'http://120.77.157.40:80/admin/login.asp'
    'HTTP_CONNECTION' => 'keep-alive'
    'HTTP_ORIGIN' => 'http://120.77.157.40:80'
    'HTTP_CONTENT_LENGTH' => '29'
    'HTTP_CONTENT_TYPE' => 'application/x-www-form-urlencoded'
    'HTTP_ACCEPT_ENCODING' => 'gzip, deflate'
    'HTTP_ACCEPT_LANGUAGE' => 'en-GB,en;q=0.5'
    'HTTP_ACCEPT' => 'text/html,application/xhtml+xml,application/xml;q=0.9,*/*;q=0.8'
    'HTTP_USER_AGENT' => 'Mozilla/5.0 (X11; Ubuntu; Linux x86_64; rv:71.0) Gecko/20100101 Firefox/71.0'
    'HTTP_HOST' => '120.77.157.40:80'
    'PATH_INFO' => ''
    'REDIRECT_STATUS' => '200'
    'SERVER_NAME' => '120.77.157.40'
    'SERVER_PORT' => '80'
    'SERVER_ADDR' => '172.18.225.115'
    'REMOTE_PORT' => '43626'
    'REMOTE_ADDR' => '207.154.195.167'
    'SERVER_SOFTWARE' => 'nginx/1.18.0'
    'GATEWAY_INTERFACE' => 'CGI/1.1'
    'REQUEST_SCHEME' => 'http'
    'SERVER_PROTOCOL' => 'HTTP/1.1'
    'DOCUMENT_ROOT' => '/www/wwwroot/lottery_xl/backend/web'
    'DOCUMENT_URI' => '/index.php'
    'REQUEST_URI' => '/boaform/admin/formLogin'
    'SCRIPT_NAME' => '/index.php'
    'CONTENT_LENGTH' => '29'
    'CONTENT_TYPE' => 'application/x-www-form-urlencoded'
    'REQUEST_METHOD' => 'POST'
    'QUERY_STRING' => ''
    'SCRIPT_FILENAME' => '/www/wwwroot/lottery_xl/backend/web/index.php'
    'FCGI_ROLE' => 'RESPONDER'
    'PHP_SELF' => '/index.php'
    'REQUEST_TIME_FLOAT' => 1614076982.8313
    'REQUEST_TIME' => 1614076982
]
2021-02-23 18:58:12 [127.0.0.1][-][-][error][yii\base\ErrorException:8192] yii\base\ErrorException: Array and string offset access syntax with curly braces is deprecated in /www/wwwroot/lottery_xl/common/tools/Tool_Common.php:111
Stack trace:
#0 /www/wwwroot/lottery_xl/vendor/yiisoft/yii2/BaseYii.php(293): yii\base\ErrorHandler->handleError()
#1 /www/wwwroot/lottery_xl/vendor/yiisoft/yii2/BaseYii.php(293): include()
#2 [internal function]: yii\BaseYii::autoload()
#3 /www/wwwroot/lottery_xl/common/kj/xjssc/XjSsc.php(367): spl_autoload_call()
#4 /www/wwwroot/lottery_xl/backend/modules/kj/controllers/XjSscController.php(66): common\kj\xjssc\XjSsc::fuLiCai()
#5 [internal function]: backend\modules\kj\controllers\XjSscController->actionFuLiCai()
#6 /www/wwwroot/lottery_xl/vendor/yiisoft/yii2/base/InlineAction.php(57): call_user_func_array()
#7 /www/wwwroot/lottery_xl/vendor/yiisoft/yii2/base/Controller.php(157): yii\base\InlineAction->runWithParams()
#8 /www/wwwroot/lottery_xl/vendor/yiisoft/yii2/base/Module.php(528): yii\base\Controller->runAction()
#9 /www/wwwroot/lottery_xl/vendor/yiisoft/yii2/web/Application.php(103): yii\base\Module->runAction()
#10 /www/wwwroot/lottery_xl/vendor/yiisoft/yii2/base/Application.php(387): yii\web\Application->handleRequest()
#11 /www/wwwroot/lottery_xl/backend/web/index.php(22): yii\base\Application->run()
#12 {main}
2021-02-23 18:58:12 [127.0.0.1][-][-][info][application] $_GET = []

$_POST = []

$_FILES = []

$_COOKIE = []

$_SERVER = [
    'USER' => 'www'
    'HOME' => '/home/www'
    'HTTP_X_REQUESTED_WITH' => 'XMLHttpRequest'
    'HTTP_ACCEPT_ENCODING' => 'gunzip, deflate'
    'HTTP_CONNECTION' => 'keep-alive'
    'HTTP_ACCEPT_LANGUAGE' => 'zh-CN,zh;q=0.9'
    'HTTP_USER_AGENT' => 'Mozilla/5.0 (Windows NT 10.0; Win64; x64) AppleWebKit/537.36 (KHTML, like Gecko) Chrome/75.0.3770.100 Safari/537.36'
    'HTTP_ACCEPT' => '*/*'
    'HTTP_HOST' => 'www.lottery.com'
    'PATH_INFO' => ''
    'REDIRECT_STATUS' => '200'
    'SERVER_NAME' => 'lt.sm0898.com'
    'SERVER_PORT' => '80'
    'SERVER_ADDR' => '127.0.0.1'
    'REMOTE_PORT' => '53262'
    'REMOTE_ADDR' => '127.0.0.1'
    'SERVER_SOFTWARE' => 'nginx/1.18.0'
    'GATEWAY_INTERFACE' => 'CGI/1.1'
    'REQUEST_SCHEME' => 'http'
    'SERVER_PROTOCOL' => 'HTTP/1.1'
    'DOCUMENT_ROOT' => '/www/wwwroot/lottery_xl/backend/web'
    'DOCUMENT_URI' => '/index.php'
    'REQUEST_URI' => '/kj/xj-ssc/fu-li-cai'
    'SCRIPT_NAME' => '/index.php'
    'CONTENT_LENGTH' => ''
    'CONTENT_TYPE' => ''
    'REQUEST_METHOD' => 'GET'
    'QUERY_STRING' => ''
    'SCRIPT_FILENAME' => '/www/wwwroot/lottery_xl/backend/web/index.php'
    'FCGI_ROLE' => 'RESPONDER'
    'PHP_SELF' => '/index.php'
    'REQUEST_TIME_FLOAT' => 1614077892.5141
    'REQUEST_TIME' => 1614077892
]
2021-02-23 18:58:12 [127.0.0.1][-][-][error][yii\base\ErrorException:8192] yii\base\ErrorException: Array and string offset access syntax with curly braces is deprecated in /www/wwwroot/lottery_xl/common/tools/Tool_Common.php:111
Stack trace:
#0 /www/wwwroot/lottery_xl/vendor/yiisoft/yii2/BaseYii.php(293): yii\base\ErrorHandler->handleError()
#1 /www/wwwroot/lottery_xl/vendor/yiisoft/yii2/BaseYii.php(293): include()
#2 [internal function]: yii\BaseYii::autoload()
#3 /www/wwwroot/lottery_xl/common/kj/xjssc/XjSsc.php(470): spl_autoload_call()
#4 /www/wwwroot/lottery_xl/backend/modules/kj/controllers/XjSscController.php(77): common\kj\xjssc\XjSsc::cg()
#5 [internal function]: backend\modules\kj\controllers\XjSscController->actionCg()
#6 /www/wwwroot/lottery_xl/vendor/yiisoft/yii2/base/InlineAction.php(57): call_user_func_array()
#7 /www/wwwroot/lottery_xl/vendor/yiisoft/yii2/base/Controller.php(157): yii\base\InlineAction->runWithParams()
#8 /www/wwwroot/lottery_xl/vendor/yiisoft/yii2/base/Module.php(528): yii\base\Controller->runAction()
#9 /www/wwwroot/lottery_xl/vendor/yiisoft/yii2/web/Application.php(103): yii\base\Module->runAction()
#10 /www/wwwroot/lottery_xl/vendor/yiisoft/yii2/base/Application.php(387): yii\web\Application->handleRequest()
#11 /www/wwwroot/lottery_xl/backend/web/index.php(22): yii\base\Application->run()
#12 {main}
2021-02-23 18:58:12 [127.0.0.1][-][-][info][application] $_GET = []

$_POST = []

$_FILES = []

$_COOKIE = []

$_SERVER = [
    'USER' => 'www'
    'HOME' => '/home/www'
    'HTTP_X_REQUESTED_WITH' => 'XMLHttpRequest'
    'HTTP_ACCEPT_ENCODING' => 'gunzip, deflate'
    'HTTP_CONNECTION' => 'keep-alive'
    'HTTP_ACCEPT_LANGUAGE' => 'zh-CN,zh;q=0.9'
    'HTTP_USER_AGENT' => 'Mozilla/5.0 (Windows NT 10.0; Win64; x64) AppleWebKit/537.36 (KHTML, like Gecko) Chrome/75.0.3770.100 Safari/537.36'
    'HTTP_ACCEPT' => '*/*'
    'HTTP_HOST' => 'www.lottery.com'
    'PATH_INFO' => ''
    'REDIRECT_STATUS' => '200'
    'SERVER_NAME' => 'lt.sm0898.com'
    'SERVER_PORT' => '80'
    'SERVER_ADDR' => '127.0.0.1'
    'REMOTE_PORT' => '53268'
    'REMOTE_ADDR' => '127.0.0.1'
    'SERVER_SOFTWARE' => 'nginx/1.18.0'
    'GATEWAY_INTERFACE' => 'CGI/1.1'
    'REQUEST_SCHEME' => 'http'
    'SERVER_PROTOCOL' => 'HTTP/1.1'
    'DOCUMENT_ROOT' => '/www/wwwroot/lottery_xl/backend/web'
    'DOCUMENT_URI' => '/index.php'
    'REQUEST_URI' => '/kj/xj-ssc/cg'
    'SCRIPT_NAME' => '/index.php'
    'CONTENT_LENGTH' => ''
    'CONTENT_TYPE' => ''
    'REQUEST_METHOD' => 'GET'
    'QUERY_STRING' => ''
    'SCRIPT_FILENAME' => '/www/wwwroot/lottery_xl/backend/web/index.php'
    'FCGI_ROLE' => 'RESPONDER'
    'PHP_SELF' => '/index.php'
    'REQUEST_TIME_FLOAT' => 1614077892.5804
    'REQUEST_TIME' => 1614077892
]
2021-02-23 18:58:12 [127.0.0.1][-][-][error][yii\base\ErrorException:8192] yii\base\ErrorException: Array and string offset access syntax with curly braces is deprecated in /www/wwwroot/lottery_xl/common/tools/Tool_Common.php:111
Stack trace:
#0 /www/wwwroot/lottery_xl/vendor/yiisoft/yii2/BaseYii.php(293): yii\base\ErrorHandler->handleError()
#1 /www/wwwroot/lottery_xl/vendor/yiisoft/yii2/BaseYii.php(293): include()
#2 [internal function]: yii\BaseYii::autoload()
#3 /www/wwwroot/lottery_xl/common/kj/xjssc/XjSsc.php(241): spl_autoload_call()
#4 /www/wwwroot/lottery_xl/backend/modules/kj/controllers/XjSscController.php(44): common\kj\xjssc\XjSsc::getLotteryNoNineNum()
#5 [internal function]: backend\modules\kj\controllers\XjSscController->actionNineNum()
#6 /www/wwwroot/lottery_xl/vendor/yiisoft/yii2/base/InlineAction.php(57): call_user_func_array()
#7 /www/wwwroot/lottery_xl/vendor/yiisoft/yii2/base/Controller.php(157): yii\base\InlineAction->runWithParams()
#8 /www/wwwroot/lottery_xl/vendor/yiisoft/yii2/base/Module.php(528): yii\base\Controller->runAction()
#9 /www/wwwroot/lottery_xl/vendor/yiisoft/yii2/web/Application.php(103): yii\base\Module->runAction()
#10 /www/wwwroot/lottery_xl/vendor/yiisoft/yii2/base/Application.php(387): yii\web\Application->handleRequest()
#11 /www/wwwroot/lottery_xl/backend/web/index.php(22): yii\base\Application->run()
#12 {main}
2021-02-23 18:58:12 [127.0.0.1][-][-][info][application] $_GET = []

$_POST = []

$_FILES = []

$_COOKIE = []

$_SERVER = [
    'USER' => 'www'
    'HOME' => '/home/www'
    'HTTP_X_REQUESTED_WITH' => 'XMLHttpRequest'
    'HTTP_ACCEPT_ENCODING' => 'gunzip, deflate'
    'HTTP_CONNECTION' => 'keep-alive'
    'HTTP_ACCEPT_LANGUAGE' => 'zh-CN,zh;q=0.9'
    'HTTP_USER_AGENT' => 'Mozilla/5.0 (Windows NT 10.0; Win64; x64) AppleWebKit/537.36 (KHTML, like Gecko) Chrome/75.0.3770.100 Safari/537.36'
    'HTTP_ACCEPT' => '*/*'
    'HTTP_HOST' => 'www.lottery.com'
    'PATH_INFO' => ''
    'REDIRECT_STATUS' => '200'
    'SERVER_NAME' => 'lt.sm0898.com'
    'SERVER_PORT' => '80'
    'SERVER_ADDR' => '127.0.0.1'
    'REMOTE_PORT' => '53274'
    'REMOTE_ADDR' => '127.0.0.1'
    'SERVER_SOFTWARE' => 'nginx/1.18.0'
    'GATEWAY_INTERFACE' => 'CGI/1.1'
    'REQUEST_SCHEME' => 'http'
    'SERVER_PROTOCOL' => 'HTTP/1.1'
    'DOCUMENT_ROOT' => '/www/wwwroot/lottery_xl/backend/web'
    'DOCUMENT_URI' => '/index.php'
    'REQUEST_URI' => '/kj/xj-ssc/nine-num'
    'SCRIPT_NAME' => '/index.php'
    'CONTENT_LENGTH' => ''
    'CONTENT_TYPE' => ''
    'REQUEST_METHOD' => 'GET'
    'QUERY_STRING' => ''
    'SCRIPT_FILENAME' => '/www/wwwroot/lottery_xl/backend/web/index.php'
    'FCGI_ROLE' => 'RESPONDER'
    'PHP_SELF' => '/index.php'
    'REQUEST_TIME_FLOAT' => 1614077892.6509
    'REQUEST_TIME' => 1614077892
]
2021-02-23 18:58:12 [127.0.0.1][-][-][error][yii\base\ErrorException:8192] yii\base\ErrorException: Array and string offset access syntax with curly braces is deprecated in /www/wwwroot/lottery_xl/common/tools/Tool_Common.php:111
Stack trace:
#0 /www/wwwroot/lottery_xl/vendor/yiisoft/yii2/BaseYii.php(293): yii\base\ErrorHandler->handleError()
#1 /www/wwwroot/lottery_xl/vendor/yiisoft/yii2/BaseYii.php(293): include()
#2 [internal function]: yii\BaseYii::autoload()
#3 /www/wwwroot/lottery_xl/common/kj/xjssc/XjSsc.php(327): spl_autoload_call()
#4 /www/wwwroot/lottery_xl/backend/modules/kj/controllers/XjSscController.php(99): common\kj\xjssc\XjSsc::NineNineNew()
#5 [internal function]: backend\modules\kj\controllers\XjSscController->actionNineNineNew()
#6 /www/wwwroot/lottery_xl/vendor/yiisoft/yii2/base/InlineAction.php(57): call_user_func_array()
#7 /www/wwwroot/lottery_xl/vendor/yiisoft/yii2/base/Controller.php(157): yii\base\InlineAction->runWithParams()
#8 /www/wwwroot/lottery_xl/vendor/yiisoft/yii2/base/Module.php(528): yii\base\Controller->runAction()
#9 /www/wwwroot/lottery_xl/vendor/yiisoft/yii2/web/Application.php(103): yii\base\Module->runAction()
#10 /www/wwwroot/lottery_xl/vendor/yiisoft/yii2/base/Application.php(387): yii\web\Application->handleRequest()
#11 /www/wwwroot/lottery_xl/backend/web/index.php(22): yii\base\Application->run()
#12 {main}
2021-02-23 18:58:12 [127.0.0.1][-][-][info][application] $_GET = []

$_POST = []

$_FILES = []

$_COOKIE = []

$_SERVER = [
    'USER' => 'www'
    'HOME' => '/home/www'
    'HTTP_X_REQUESTED_WITH' => 'XMLHttpRequest'
    'HTTP_ACCEPT_ENCODING' => 'gunzip, deflate'
    'HTTP_CONNECTION' => 'keep-alive'
    'HTTP_ACCEPT_LANGUAGE' => 'zh-CN,zh;q=0.9'
    'HTTP_USER_AGENT' => 'Mozilla/5.0 (Windows NT 10.0; Win64; x64) AppleWebKit/537.36 (KHTML, like Gecko) Chrome/75.0.3770.100 Safari/537.36'
    'HTTP_ACCEPT' => '*/*'
    'HTTP_HOST' => 'www.lottery.com'
    'PATH_INFO' => ''
    'REDIRECT_STATUS' => '200'
    'SERVER_NAME' => 'lt.sm0898.com'
    'SERVER_PORT' => '80'
    'SERVER_ADDR' => '127.0.0.1'
    'REMOTE_PORT' => '53284'
    'REMOTE_ADDR' => '127.0.0.1'
    'SERVER_SOFTWARE' => 'nginx/1.18.0'
    'GATEWAY_INTERFACE' => 'CGI/1.1'
    'REQUEST_SCHEME' => 'http'
    'SERVER_PROTOCOL' => 'HTTP/1.1'
    'DOCUMENT_ROOT' => '/www/wwwroot/lottery_xl/backend/web'
    'DOCUMENT_URI' => '/index.php'
    'REQUEST_URI' => '/kj/xj-ssc/nine-nine-new'
    'SCRIPT_NAME' => '/index.php'
    'CONTENT_LENGTH' => ''
    'CONTENT_TYPE' => ''
    'REQUEST_METHOD' => 'GET'
    'QUERY_STRING' => ''
    'SCRIPT_FILENAME' => '/www/wwwroot/lottery_xl/backend/web/index.php'
    'FCGI_ROLE' => 'RESPONDER'
    'PHP_SELF' => '/index.php'
    'REQUEST_TIME_FLOAT' => 1614077892.717
    'REQUEST_TIME' => 1614077892
]
2021-02-23 18:58:17 [127.0.0.1][-][-][error][yii\base\ErrorException:8192] yii\base\ErrorException: Array and string offset access syntax with curly braces is deprecated in /www/wwwroot/lottery_xl/common/tools/Tool_Common.php:111
Stack trace:
#0 /www/wwwroot/lottery_xl/vendor/yiisoft/yii2/BaseYii.php(293): yii\base\ErrorHandler->handleError()
#1 /www/wwwroot/lottery_xl/vendor/yiisoft/yii2/BaseYii.php(293): include()
#2 [internal function]: yii\BaseYii::autoload()
#3 /www/wwwroot/lottery_xl/common/kj/xjssc/XjSsc.php(367): spl_autoload_call()
#4 /www/wwwroot/lottery_xl/backend/modules/kj/controllers/XjSscController.php(66): common\kj\xjssc\XjSsc::fuLiCai()
#5 [internal function]: backend\modules\kj\controllers\XjSscController->actionFuLiCai()
#6 /www/wwwroot/lottery_xl/vendor/yiisoft/yii2/base/InlineAction.php(57): call_user_func_array()
#7 /www/wwwroot/lottery_xl/vendor/yiisoft/yii2/base/Controller.php(157): yii\base\InlineAction->runWithParams()
#8 /www/wwwroot/lottery_xl/vendor/yiisoft/yii2/base/Module.php(528): yii\base\Controller->runAction()
#9 /www/wwwroot/lottery_xl/vendor/yiisoft/yii2/web/Application.php(103): yii\base\Module->runAction()
#10 /www/wwwroot/lottery_xl/vendor/yiisoft/yii2/base/Application.php(387): yii\web\Application->handleRequest()
#11 /www/wwwroot/lottery_xl/backend/web/index.php(22): yii\base\Application->run()
#12 {main}
2021-02-23 18:58:17 [127.0.0.1][-][-][info][application] $_GET = []

$_POST = []

$_FILES = []

$_COOKIE = []

$_SERVER = [
    'USER' => 'www'
    'HOME' => '/home/www'
    'HTTP_X_REQUESTED_WITH' => 'XMLHttpRequest'
    'HTTP_ACCEPT_ENCODING' => 'gunzip, deflate'
    'HTTP_CONNECTION' => 'keep-alive'
    'HTTP_ACCEPT_LANGUAGE' => 'zh-CN,zh;q=0.9'
    'HTTP_USER_AGENT' => 'Mozilla/5.0 (Windows NT 10.0; Win64; x64) AppleWebKit/537.36 (KHTML, like Gecko) Chrome/75.0.3770.100 Safari/537.36'
    'HTTP_ACCEPT' => '*/*'
    'HTTP_HOST' => 'www.lottery.com'
    'PATH_INFO' => ''
    'REDIRECT_STATUS' => '200'
    'SERVER_NAME' => 'lt.sm0898.com'
    'SERVER_PORT' => '80'
    'SERVER_ADDR' => '127.0.0.1'
    'REMOTE_PORT' => '53292'
    'REMOTE_ADDR' => '127.0.0.1'
    'SERVER_SOFTWARE' => 'nginx/1.18.0'
    'GATEWAY_INTERFACE' => 'CGI/1.1'
    'REQUEST_SCHEME' => 'http'
    'SERVER_PROTOCOL' => 'HTTP/1.1'
    'DOCUMENT_ROOT' => '/www/wwwroot/lottery_xl/backend/web'
    'DOCUMENT_URI' => '/index.php'
    'REQUEST_URI' => '/kj/xj-ssc/fu-li-cai'
    'SCRIPT_NAME' => '/index.php'
    'CONTENT_LENGTH' => ''
    'CONTENT_TYPE' => ''
    'REQUEST_METHOD' => 'GET'
    'QUERY_STRING' => ''
    'SCRIPT_FILENAME' => '/www/wwwroot/lottery_xl/backend/web/index.php'
    'FCGI_ROLE' => 'RESPONDER'
    'PHP_SELF' => '/index.php'
    'REQUEST_TIME_FLOAT' => 1614077897.8071
    'REQUEST_TIME' => 1614077897
]
2021-02-23 18:58:17 [127.0.0.1][-][-][error][yii\base\ErrorException:8192] yii\base\ErrorException: Array and string offset access syntax with curly braces is deprecated in /www/wwwroot/lottery_xl/common/tools/Tool_Common.php:111
Stack trace:
#0 /www/wwwroot/lottery_xl/vendor/yiisoft/yii2/BaseYii.php(293): yii\base\ErrorHandler->handleError()
#1 /www/wwwroot/lottery_xl/vendor/yiisoft/yii2/BaseYii.php(293): include()
#2 [internal function]: yii\BaseYii::autoload()
#3 /www/wwwroot/lottery_xl/common/kj/xjssc/XjSsc.php(470): spl_autoload_call()
#4 /www/wwwroot/lottery_xl/backend/modules/kj/controllers/XjSscController.php(77): common\kj\xjssc\XjSsc::cg()
#5 [internal function]: backend\modules\kj\controllers\XjSscController->actionCg()
#6 /www/wwwroot/lottery_xl/vendor/yiisoft/yii2/base/InlineAction.php(57): call_user_func_array()
#7 /www/wwwroot/lottery_xl/vendor/yiisoft/yii2/base/Controller.php(157): yii\base\InlineAction->runWithParams()
#8 /www/wwwroot/lottery_xl/vendor/yiisoft/yii2/base/Module.php(528): yii\base\Controller->runAction()
#9 /www/wwwroot/lottery_xl/vendor/yiisoft/yii2/web/Application.php(103): yii\base\Module->runAction()
#10 /www/wwwroot/lottery_xl/vendor/yiisoft/yii2/base/Application.php(387): yii\web\Application->handleRequest()
#11 /www/wwwroot/lottery_xl/backend/web/index.php(22): yii\base\Application->run()
#12 {main}
2021-02-23 18:58:17 [127.0.0.1][-][-][info][application] $_GET = []

$_POST = []

$_FILES = []

$_COOKIE = []

$_SERVER = [
    'USER' => 'www'
    'HOME' => '/home/www'
    'HTTP_X_REQUESTED_WITH' => 'XMLHttpRequest'
    'HTTP_ACCEPT_ENCODING' => 'gunzip, deflate'
    'HTTP_CONNECTION' => 'keep-alive'
    'HTTP_ACCEPT_LANGUAGE' => 'zh-CN,zh;q=0.9'
    'HTTP_USER_AGENT' => 'Mozilla/5.0 (Windows NT 10.0; Win64; x64) AppleWebKit/537.36 (KHTML, like Gecko) Chrome/75.0.3770.100 Safari/537.36'
    'HTTP_ACCEPT' => '*/*'
    'HTTP_HOST' => 'www.lottery.com'
    'PATH_INFO' => ''
    'REDIRECT_STATUS' => '200'
    'SERVER_NAME' => 'lt.sm0898.com'
    'SERVER_PORT' => '80'
    'SERVER_ADDR' => '127.0.0.1'
    'REMOTE_PORT' => '53298'
    'REMOTE_ADDR' => '127.0.0.1'
    'SERVER_SOFTWARE' => 'nginx/1.18.0'
    'GATEWAY_INTERFACE' => 'CGI/1.1'
    'REQUEST_SCHEME' => 'http'
    'SERVER_PROTOCOL' => 'HTTP/1.1'
    'DOCUMENT_ROOT' => '/www/wwwroot/lottery_xl/backend/web'
    'DOCUMENT_URI' => '/index.php'
    'REQUEST_URI' => '/kj/xj-ssc/cg'
    'SCRIPT_NAME' => '/index.php'
    'CONTENT_LENGTH' => ''
    'CONTENT_TYPE' => ''
    'REQUEST_METHOD' => 'GET'
    'QUERY_STRING' => ''
    'SCRIPT_FILENAME' => '/www/wwwroot/lottery_xl/backend/web/index.php'
    'FCGI_ROLE' => 'RESPONDER'
    'PHP_SELF' => '/index.php'
    'REQUEST_TIME_FLOAT' => 1614077897.8711
    'REQUEST_TIME' => 1614077897
]
2021-02-23 18:58:17 [127.0.0.1][-][-][error][yii\base\ErrorException:8192] yii\base\ErrorException: Array and string offset access syntax with curly braces is deprecated in /www/wwwroot/lottery_xl/common/tools/Tool_Common.php:111
Stack trace:
#0 /www/wwwroot/lottery_xl/vendor/yiisoft/yii2/BaseYii.php(293): yii\base\ErrorHandler->handleError()
#1 /www/wwwroot/lottery_xl/vendor/yiisoft/yii2/BaseYii.php(293): include()
#2 [internal function]: yii\BaseYii::autoload()
#3 /www/wwwroot/lottery_xl/common/kj/xjssc/XjSsc.php(241): spl_autoload_call()
#4 /www/wwwroot/lottery_xl/backend/modules/kj/controllers/XjSscController.php(44): common\kj\xjssc\XjSsc::getLotteryNoNineNum()
#5 [internal function]: backend\modules\kj\controllers\XjSscController->actionNineNum()
#6 /www/wwwroot/lottery_xl/vendor/yiisoft/yii2/base/InlineAction.php(57): call_user_func_array()
#7 /www/wwwroot/lottery_xl/vendor/yiisoft/yii2/base/Controller.php(157): yii\base\InlineAction->runWithParams()
#8 /www/wwwroot/lottery_xl/vendor/yiisoft/yii2/base/Module.php(528): yii\base\Controller->runAction()
#9 /www/wwwroot/lottery_xl/vendor/yiisoft/yii2/web/Application.php(103): yii\base\Module->runAction()
#10 /www/wwwroot/lottery_xl/vendor/yiisoft/yii2/base/Application.php(387): yii\web\Application->handleRequest()
#11 /www/wwwroot/lottery_xl/backend/web/index.php(22): yii\base\Application->run()
#12 {main}
2021-02-23 18:58:17 [127.0.0.1][-][-][info][application] $_GET = []

$_POST = []

$_FILES = []

$_COOKIE = []

$_SERVER = [
    'USER' => 'www'
    'HOME' => '/home/www'
    'HTTP_X_REQUESTED_WITH' => 'XMLHttpRequest'
    'HTTP_ACCEPT_ENCODING' => 'gunzip, deflate'
    'HTTP_CONNECTION' => 'keep-alive'
    'HTTP_ACCEPT_LANGUAGE' => 'zh-CN,zh;q=0.9'
    'HTTP_USER_AGENT' => 'Mozilla/5.0 (Windows NT 10.0; Win64; x64) AppleWebKit/537.36 (KHTML, like Gecko) Chrome/75.0.3770.100 Safari/537.36'
    'HTTP_ACCEPT' => '*/*'
    'HTTP_HOST' => 'www.lottery.com'
    'PATH_INFO' => ''
    'REDIRECT_STATUS' => '200'
    'SERVER_NAME' => 'lt.sm0898.com'
    'SERVER_PORT' => '80'
    'SERVER_ADDR' => '127.0.0.1'
    'REMOTE_PORT' => '53304'
    'REMOTE_ADDR' => '127.0.0.1'
    'SERVER_SOFTWARE' => 'nginx/1.18.0'
    'GATEWAY_INTERFACE' => 'CGI/1.1'
    'REQUEST_SCHEME' => 'http'
    'SERVER_PROTOCOL' => 'HTTP/1.1'
    'DOCUMENT_ROOT' => '/www/wwwroot/lottery_xl/backend/web'
    'DOCUMENT_URI' => '/index.php'
    'REQUEST_URI' => '/kj/xj-ssc/nine-num'
    'SCRIPT_NAME' => '/index.php'
    'CONTENT_LENGTH' => ''
    'CONTENT_TYPE' => ''
    'REQUEST_METHOD' => 'GET'
    'QUERY_STRING' => ''
    'SCRIPT_FILENAME' => '/www/wwwroot/lottery_xl/backend/web/index.php'
    'FCGI_ROLE' => 'RESPONDER'
    'PHP_SELF' => '/index.php'
    'REQUEST_TIME_FLOAT' => 1614077897.9367
    'REQUEST_TIME' => 1614077897
]
2021-02-23 18:58:18 [127.0.0.1][-][-][error][yii\base\ErrorException:8192] yii\base\ErrorException: Array and string offset access syntax with curly braces is deprecated in /www/wwwroot/lottery_xl/common/tools/Tool_Common.php:111
Stack trace:
#0 /www/wwwroot/lottery_xl/vendor/yiisoft/yii2/BaseYii.php(293): yii\base\ErrorHandler->handleError()
#1 /www/wwwroot/lottery_xl/vendor/yiisoft/yii2/BaseYii.php(293): include()
#2 [internal function]: yii\BaseYii::autoload()
#3 /www/wwwroot/lottery_xl/common/kj/xjssc/XjSsc.php(327): spl_autoload_call()
#4 /www/wwwroot/lottery_xl/backend/modules/kj/controllers/XjSscController.php(99): common\kj\xjssc\XjSsc::NineNineNew()
#5 [internal function]: backend\modules\kj\controllers\XjSscController->actionNineNineNew()
#6 /www/wwwroot/lottery_xl/vendor/yiisoft/yii2/base/InlineAction.php(57): call_user_func_array()
#7 /www/wwwroot/lottery_xl/vendor/yiisoft/yii2/base/Controller.php(157): yii\base\InlineAction->runWithParams()
#8 /www/wwwroot/lottery_xl/vendor/yiisoft/yii2/base/Module.php(528): yii\base\Controller->runAction()
#9 /www/wwwroot/lottery_xl/vendor/yiisoft/yii2/web/Application.php(103): yii\base\Module->runAction()
#10 /www/wwwroot/lottery_xl/vendor/yiisoft/yii2/base/Application.php(387): yii\web\Application->handleRequest()
#11 /www/wwwroot/lottery_xl/backend/web/index.php(22): yii\base\Application->run()
#12 {main}
2021-02-23 18:58:18 [127.0.0.1][-][-][info][application] $_GET = []

$_POST = []

$_FILES = []

$_COOKIE = []

$_SERVER = [
    'USER' => 'www'
    'HOME' => '/home/www'
    'HTTP_X_REQUESTED_WITH' => 'XMLHttpRequest'
    'HTTP_ACCEPT_ENCODING' => 'gunzip, deflate'
    'HTTP_CONNECTION' => 'keep-alive'
    'HTTP_ACCEPT_LANGUAGE' => 'zh-CN,zh;q=0.9'
    'HTTP_USER_AGENT' => 'Mozilla/5.0 (Windows NT 10.0; Win64; x64) AppleWebKit/537.36 (KHTML, like Gecko) Chrome/75.0.3770.100 Safari/537.36'
    'HTTP_ACCEPT' => '*/*'
    'HTTP_HOST' => 'www.lottery.com'
    'PATH_INFO' => ''
    'REDIRECT_STATUS' => '200'
    'SERVER_NAME' => 'lt.sm0898.com'
    'SERVER_PORT' => '80'
    'SERVER_ADDR' => '127.0.0.1'
    'REMOTE_PORT' => '53310'
    'REMOTE_ADDR' => '127.0.0.1'
    'SERVER_SOFTWARE' => 'nginx/1.18.0'
    'GATEWAY_INTERFACE' => 'CGI/1.1'
    'REQUEST_SCHEME' => 'http'
    'SERVER_PROTOCOL' => 'HTTP/1.1'
    'DOCUMENT_ROOT' => '/www/wwwroot/lottery_xl/backend/web'
    'DOCUMENT_URI' => '/index.php'
    'REQUEST_URI' => '/kj/xj-ssc/nine-nine-new'
    'SCRIPT_NAME' => '/index.php'
    'CONTENT_LENGTH' => ''
    'CONTENT_TYPE' => ''
    'REQUEST_METHOD' => 'GET'
    'QUERY_STRING' => ''
    'SCRIPT_FILENAME' => '/www/wwwroot/lottery_xl/backend/web/index.php'
    'FCGI_ROLE' => 'RESPONDER'
    'PHP_SELF' => '/index.php'
    'REQUEST_TIME_FLOAT' => 1614077898.0015
    'REQUEST_TIME' => 1614077898
]
2021-02-23 18:58:23 [127.0.0.1][-][-][error][yii\base\ErrorException:8192] yii\base\ErrorException: Array and string offset access syntax with curly braces is deprecated in /www/wwwroot/lottery_xl/common/tools/Tool_Common.php:111
Stack trace:
#0 /www/wwwroot/lottery_xl/vendor/yiisoft/yii2/BaseYii.php(293): yii\base\ErrorHandler->handleError()
#1 /www/wwwroot/lottery_xl/vendor/yiisoft/yii2/BaseYii.php(293): include()
#2 [internal function]: yii\BaseYii::autoload()
#3 /www/wwwroot/lottery_xl/common/kj/xjssc/XjSsc.php(367): spl_autoload_call()
#4 /www/wwwroot/lottery_xl/backend/modules/kj/controllers/XjSscController.php(66): common\kj\xjssc\XjSsc::fuLiCai()
#5 [internal function]: backend\modules\kj\controllers\XjSscController->actionFuLiCai()
#6 /www/wwwroot/lottery_xl/vendor/yiisoft/yii2/base/InlineAction.php(57): call_user_func_array()
#7 /www/wwwroot/lottery_xl/vendor/yiisoft/yii2/base/Controller.php(157): yii\base\InlineAction->runWithParams()
#8 /www/wwwroot/lottery_xl/vendor/yiisoft/yii2/base/Module.php(528): yii\base\Controller->runAction()
#9 /www/wwwroot/lottery_xl/vendor/yiisoft/yii2/web/Application.php(103): yii\base\Module->runAction()
#10 /www/wwwroot/lottery_xl/vendor/yiisoft/yii2/base/Application.php(387): yii\web\Application->handleRequest()
#11 /www/wwwroot/lottery_xl/backend/web/index.php(22): yii\base\Application->run()
#12 {main}
2021-02-23 18:58:23 [127.0.0.1][-][-][info][application] $_GET = []

$_POST = []

$_FILES = []

$_COOKIE = []

$_SERVER = [
    'USER' => 'www'
    'HOME' => '/home/www'
    'HTTP_X_REQUESTED_WITH' => 'XMLHttpRequest'
    'HTTP_ACCEPT_ENCODING' => 'gunzip, deflate'
    'HTTP_CONNECTION' => 'keep-alive'
    'HTTP_ACCEPT_LANGUAGE' => 'zh-CN,zh;q=0.9'
    'HTTP_USER_AGENT' => 'Mozilla/5.0 (Windows NT 10.0; Win64; x64) AppleWebKit/537.36 (KHTML, like Gecko) Chrome/75.0.3770.100 Safari/537.36'
    'HTTP_ACCEPT' => '*/*'
    'HTTP_HOST' => 'www.lottery.com'
    'PATH_INFO' => ''
    'REDIRECT_STATUS' => '200'
    'SERVER_NAME' => 'lt.sm0898.com'
    'SERVER_PORT' => '80'
    'SERVER_ADDR' => '127.0.0.1'
    'REMOTE_PORT' => '53316'
    'REMOTE_ADDR' => '127.0.0.1'
    'SERVER_SOFTWARE' => 'nginx/1.18.0'
    'GATEWAY_INTERFACE' => 'CGI/1.1'
    'REQUEST_SCHEME' => 'http'
    'SERVER_PROTOCOL' => 'HTTP/1.1'
    'DOCUMENT_ROOT' => '/www/wwwroot/lottery_xl/backend/web'
    'DOCUMENT_URI' => '/index.php'
    'REQUEST_URI' => '/kj/xj-ssc/fu-li-cai'
    'SCRIPT_NAME' => '/index.php'
    'CONTENT_LENGTH' => ''
    'CONTENT_TYPE' => ''
    'REQUEST_METHOD' => 'GET'
    'QUERY_STRING' => ''
    'SCRIPT_FILENAME' => '/www/wwwroot/lottery_xl/backend/web/index.php'
    'FCGI_ROLE' => 'RESPONDER'
    'PHP_SELF' => '/index.php'
    'REQUEST_TIME_FLOAT' => 1614077903.092
    'REQUEST_TIME' => 1614077903
]
2021-02-23 18:58:23 [127.0.0.1][-][-][error][yii\base\ErrorException:8192] yii\base\ErrorException: Array and string offset access syntax with curly braces is deprecated in /www/wwwroot/lottery_xl/common/tools/Tool_Common.php:111
Stack trace:
#0 /www/wwwroot/lottery_xl/vendor/yiisoft/yii2/BaseYii.php(293): yii\base\ErrorHandler->handleError()
#1 /www/wwwroot/lottery_xl/vendor/yiisoft/yii2/BaseYii.php(293): include()
#2 [internal function]: yii\BaseYii::autoload()
#3 /www/wwwroot/lottery_xl/common/kj/xjssc/XjSsc.php(470): spl_autoload_call()
#4 /www/wwwroot/lottery_xl/backend/modules/kj/controllers/XjSscController.php(77): common\kj\xjssc\XjSsc::cg()
#5 [internal function]: backend\modules\kj\controllers\XjSscController->actionCg()
#6 /www/wwwroot/lottery_xl/vendor/yiisoft/yii2/base/InlineAction.php(57): call_user_func_array()
#7 /www/wwwroot/lottery_xl/vendor/yiisoft/yii2/base/Controller.php(157): yii\base\InlineAction->runWithParams()
#8 /www/wwwroot/lottery_xl/vendor/yiisoft/yii2/base/Module.php(528): yii\base\Controller->runAction()
#9 /www/wwwroot/lottery_xl/vendor/yiisoft/yii2/web/Application.php(103): yii\base\Module->runAction()
#10 /www/wwwroot/lottery_xl/vendor/yiisoft/yii2/base/Application.php(387): yii\web\Application->handleRequest()
#11 /www/wwwroot/lottery_xl/backend/web/index.php(22): yii\base\Application->run()
#12 {main}
2021-02-23 18:58:23 [127.0.0.1][-][-][info][application] $_GET = []

$_POST = []

$_FILES = []

$_COOKIE = []

$_SERVER = [
    'USER' => 'www'
    'HOME' => '/home/www'
    'HTTP_X_REQUESTED_WITH' => 'XMLHttpRequest'
    'HTTP_ACCEPT_ENCODING' => 'gunzip, deflate'
    'HTTP_CONNECTION' => 'keep-alive'
    'HTTP_ACCEPT_LANGUAGE' => 'zh-CN,zh;q=0.9'
    'HTTP_USER_AGENT' => 'Mozilla/5.0 (Windows NT 10.0; Win64; x64) AppleWebKit/537.36 (KHTML, like Gecko) Chrome/75.0.3770.100 Safari/537.36'
    'HTTP_ACCEPT' => '*/*'
    'HTTP_HOST' => 'www.lottery.com'
    'PATH_INFO' => ''
    'REDIRECT_STATUS' => '200'
    'SERVER_NAME' => 'lt.sm0898.com'
    'SERVER_PORT' => '80'
    'SERVER_ADDR' => '127.0.0.1'
    'REMOTE_PORT' => '53322'
    'REMOTE_ADDR' => '127.0.0.1'
    'SERVER_SOFTWARE' => 'nginx/1.18.0'
    'GATEWAY_INTERFACE' => 'CGI/1.1'
    'REQUEST_SCHEME' => 'http'
    'SERVER_PROTOCOL' => 'HTTP/1.1'
    'DOCUMENT_ROOT' => '/www/wwwroot/lottery_xl/backend/web'
    'DOCUMENT_URI' => '/index.php'
    'REQUEST_URI' => '/kj/xj-ssc/cg'
    'SCRIPT_NAME' => '/index.php'
    'CONTENT_LENGTH' => ''
    'CONTENT_TYPE' => ''
    'REQUEST_METHOD' => 'GET'
    'QUERY_STRING' => ''
    'SCRIPT_FILENAME' => '/www/wwwroot/lottery_xl/backend/web/index.php'
    'FCGI_ROLE' => 'RESPONDER'
    'PHP_SELF' => '/index.php'
    'REQUEST_TIME_FLOAT' => 1614077903.1567
    'REQUEST_TIME' => 1614077903
]
2021-02-23 18:58:23 [127.0.0.1][-][-][error][yii\base\ErrorException:8192] yii\base\ErrorException: Array and string offset access syntax with curly braces is deprecated in /www/wwwroot/lottery_xl/common/tools/Tool_Common.php:111
Stack trace:
#0 /www/wwwroot/lottery_xl/vendor/yiisoft/yii2/BaseYii.php(293): yii\base\ErrorHandler->handleError()
#1 /www/wwwroot/lottery_xl/vendor/yiisoft/yii2/BaseYii.php(293): include()
#2 [internal function]: yii\BaseYii::autoload()
#3 /www/wwwroot/lottery_xl/common/kj/xjssc/XjSsc.php(241): spl_autoload_call()
#4 /www/wwwroot/lottery_xl/backend/modules/kj/controllers/XjSscController.php(44): common\kj\xjssc\XjSsc::getLotteryNoNineNum()
#5 [internal function]: backend\modules\kj\controllers\XjSscController->actionNineNum()
#6 /www/wwwroot/lottery_xl/vendor/yiisoft/yii2/base/InlineAction.php(57): call_user_func_array()
#7 /www/wwwroot/lottery_xl/vendor/yiisoft/yii2/base/Controller.php(157): yii\base\InlineAction->runWithParams()
#8 /www/wwwroot/lottery_xl/vendor/yiisoft/yii2/base/Module.php(528): yii\base\Controller->runAction()
#9 /www/wwwroot/lottery_xl/vendor/yiisoft/yii2/web/Application.php(103): yii\base\Module->runAction()
#10 /www/wwwroot/lottery_xl/vendor/yiisoft/yii2/base/Application.php(387): yii\web\Application->handleRequest()
#11 /www/wwwroot/lottery_xl/backend/web/index.php(22): yii\base\Application->run()
#12 {main}
2021-02-23 18:58:23 [127.0.0.1][-][-][info][application] $_GET = []

$_POST = []

$_FILES = []

$_COOKIE = []

$_SERVER = [
    'USER' => 'www'
    'HOME' => '/home/www'
    'HTTP_X_REQUESTED_WITH' => 'XMLHttpRequest'
    'HTTP_ACCEPT_ENCODING' => 'gunzip, deflate'
    'HTTP_CONNECTION' => 'keep-alive'
    'HTTP_ACCEPT_LANGUAGE' => 'zh-CN,zh;q=0.9'
    'HTTP_USER_AGENT' => 'Mozilla/5.0 (Windows NT 10.0; Win64; x64) AppleWebKit/537.36 (KHTML, like Gecko) Chrome/75.0.3770.100 Safari/537.36'
    'HTTP_ACCEPT' => '*/*'
    'HTTP_HOST' => 'www.lottery.com'
    'PATH_INFO' => ''
    'REDIRECT_STATUS' => '200'
    'SERVER_NAME' => 'lt.sm0898.com'
    'SERVER_PORT' => '80'
    'SERVER_ADDR' => '127.0.0.1'
    'REMOTE_PORT' => '53328'
    'REMOTE_ADDR' => '127.0.0.1'
    'SERVER_SOFTWARE' => 'nginx/1.18.0'
    'GATEWAY_INTERFACE' => 'CGI/1.1'
    'REQUEST_SCHEME' => 'http'
    'SERVER_PROTOCOL' => 'HTTP/1.1'
    'DOCUMENT_ROOT' => '/www/wwwroot/lottery_xl/backend/web'
    'DOCUMENT_URI' => '/index.php'
    'REQUEST_URI' => '/kj/xj-ssc/nine-num'
    'SCRIPT_NAME' => '/index.php'
    'CONTENT_LENGTH' => ''
    'CONTENT_TYPE' => ''
    'REQUEST_METHOD' => 'GET'
    'QUERY_STRING' => ''
    'SCRIPT_FILENAME' => '/www/wwwroot/lottery_xl/backend/web/index.php'
    'FCGI_ROLE' => 'RESPONDER'
    'PHP_SELF' => '/index.php'
    'REQUEST_TIME_FLOAT' => 1614077903.2207
    'REQUEST_TIME' => 1614077903
]
2021-02-23 18:58:23 [127.0.0.1][-][-][error][yii\base\ErrorException:8192] yii\base\ErrorException: Array and string offset access syntax with curly braces is deprecated in /www/wwwroot/lottery_xl/common/tools/Tool_Common.php:111
Stack trace:
#0 /www/wwwroot/lottery_xl/vendor/yiisoft/yii2/BaseYii.php(293): yii\base\ErrorHandler->handleError()
#1 /www/wwwroot/lottery_xl/vendor/yiisoft/yii2/BaseYii.php(293): include()
#2 [internal function]: yii\BaseYii::autoload()
#3 /www/wwwroot/lottery_xl/common/kj/xjssc/XjSsc.php(327): spl_autoload_call()
#4 /www/wwwroot/lottery_xl/backend/modules/kj/controllers/XjSscController.php(99): common\kj\xjssc\XjSsc::NineNineNew()
#5 [internal function]: backend\modules\kj\controllers\XjSscController->actionNineNineNew()
#6 /www/wwwroot/lottery_xl/vendor/yiisoft/yii2/base/InlineAction.php(57): call_user_func_array()
#7 /www/wwwroot/lottery_xl/vendor/yiisoft/yii2/base/Controller.php(157): yii\base\InlineAction->runWithParams()
#8 /www/wwwroot/lottery_xl/vendor/yiisoft/yii2/base/Module.php(528): yii\base\Controller->runAction()
#9 /www/wwwroot/lottery_xl/vendor/yiisoft/yii2/web/Application.php(103): yii\base\Module->runAction()
#10 /www/wwwroot/lottery_xl/vendor/yiisoft/yii2/base/Application.php(387): yii\web\Application->handleRequest()
#11 /www/wwwroot/lottery_xl/backend/web/index.php(22): yii\base\Application->run()
#12 {main}
2021-02-23 18:58:23 [127.0.0.1][-][-][info][application] $_GET = []

$_POST = []

$_FILES = []

$_COOKIE = []

$_SERVER = [
    'USER' => 'www'
    'HOME' => '/home/www'
    'HTTP_X_REQUESTED_WITH' => 'XMLHttpRequest'
    'HTTP_ACCEPT_ENCODING' => 'gunzip, deflate'
    'HTTP_CONNECTION' => 'keep-alive'
    'HTTP_ACCEPT_LANGUAGE' => 'zh-CN,zh;q=0.9'
    'HTTP_USER_AGENT' => 'Mozilla/5.0 (Windows NT 10.0; Win64; x64) AppleWebKit/537.36 (KHTML, like Gecko) Chrome/75.0.3770.100 Safari/537.36'
    'HTTP_ACCEPT' => '*/*'
    'HTTP_HOST' => 'www.lottery.com'
    'PATH_INFO' => ''
    'REDIRECT_STATUS' => '200'
    'SERVER_NAME' => 'lt.sm0898.com'
    'SERVER_PORT' => '80'
    'SERVER_ADDR' => '127.0.0.1'
    'REMOTE_PORT' => '53334'
    'REMOTE_ADDR' => '127.0.0.1'
    'SERVER_SOFTWARE' => 'nginx/1.18.0'
    'GATEWAY_INTERFACE' => 'CGI/1.1'
    'REQUEST_SCHEME' => 'http'
    'SERVER_PROTOCOL' => 'HTTP/1.1'
    'DOCUMENT_ROOT' => '/www/wwwroot/lottery_xl/backend/web'
    'DOCUMENT_URI' => '/index.php'
    'REQUEST_URI' => '/kj/xj-ssc/nine-nine-new'
    'SCRIPT_NAME' => '/index.php'
    'CONTENT_LENGTH' => ''
    'CONTENT_TYPE' => ''
    'REQUEST_METHOD' => 'GET'
    'QUERY_STRING' => ''
    'SCRIPT_FILENAME' => '/www/wwwroot/lottery_xl/backend/web/index.php'
    'FCGI_ROLE' => 'RESPONDER'
    'PHP_SELF' => '/index.php'
    'REQUEST_TIME_FLOAT' => 1614077903.2886
    'REQUEST_TIME' => 1614077903
]
2021-02-23 18:58:28 [127.0.0.1][-][-][error][yii\base\ErrorException:8192] yii\base\ErrorException: Array and string offset access syntax with curly braces is deprecated in /www/wwwroot/lottery_xl/common/tools/Tool_Common.php:111
Stack trace:
#0 /www/wwwroot/lottery_xl/vendor/yiisoft/yii2/BaseYii.php(293): yii\base\ErrorHandler->handleError()
#1 /www/wwwroot/lottery_xl/vendor/yiisoft/yii2/BaseYii.php(293): include()
#2 [internal function]: yii\BaseYii::autoload()
#3 /www/wwwroot/lottery_xl/common/kj/xjssc/XjSsc.php(367): spl_autoload_call()
#4 /www/wwwroot/lottery_xl/backend/modules/kj/controllers/XjSscController.php(66): common\kj\xjssc\XjSsc::fuLiCai()
#5 [internal function]: backend\modules\kj\controllers\XjSscController->actionFuLiCai()
#6 /www/wwwroot/lottery_xl/vendor/yiisoft/yii2/base/InlineAction.php(57): call_user_func_array()
#7 /www/wwwroot/lottery_xl/vendor/yiisoft/yii2/base/Controller.php(157): yii\base\InlineAction->runWithParams()
#8 /www/wwwroot/lottery_xl/vendor/yiisoft/yii2/base/Module.php(528): yii\base\Controller->runAction()
#9 /www/wwwroot/lottery_xl/vendor/yiisoft/yii2/web/Application.php(103): yii\base\Module->runAction()
#10 /www/wwwroot/lottery_xl/vendor/yiisoft/yii2/base/Application.php(387): yii\web\Application->handleRequest()
#11 /www/wwwroot/lottery_xl/backend/web/index.php(22): yii\base\Application->run()
#12 {main}
2021-02-23 18:58:28 [127.0.0.1][-][-][info][application] $_GET = []

$_POST = []

$_FILES = []

$_COOKIE = []

$_SERVER = [
    'USER' => 'www'
    'HOME' => '/home/www'
    'HTTP_X_REQUESTED_WITH' => 'XMLHttpRequest'
    'HTTP_ACCEPT_ENCODING' => 'gunzip, deflate'
    'HTTP_CONNECTION' => 'keep-alive'
    'HTTP_ACCEPT_LANGUAGE' => 'zh-CN,zh;q=0.9'
    'HTTP_USER_AGENT' => 'Mozilla/5.0 (Windows NT 10.0; Win64; x64) AppleWebKit/537.36 (KHTML, like Gecko) Chrome/75.0.3770.100 Safari/537.36'
    'HTTP_ACCEPT' => '*/*'
    'HTTP_HOST' => 'www.lottery.com'
    'PATH_INFO' => ''
    'REDIRECT_STATUS' => '200'
    'SERVER_NAME' => 'lt.sm0898.com'
    'SERVER_PORT' => '80'
    'SERVER_ADDR' => '127.0.0.1'
    'REMOTE_PORT' => '53348'
    'REMOTE_ADDR' => '127.0.0.1'
    'SERVER_SOFTWARE' => 'nginx/1.18.0'
    'GATEWAY_INTERFACE' => 'CGI/1.1'
    'REQUEST_SCHEME' => 'http'
    'SERVER_PROTOCOL' => 'HTTP/1.1'
    'DOCUMENT_ROOT' => '/www/wwwroot/lottery_xl/backend/web'
    'DOCUMENT_URI' => '/index.php'
    'REQUEST_URI' => '/kj/xj-ssc/fu-li-cai'
    'SCRIPT_NAME' => '/index.php'
    'CONTENT_LENGTH' => ''
    'CONTENT_TYPE' => ''
    'REQUEST_METHOD' => 'GET'
    'QUERY_STRING' => ''
    'SCRIPT_FILENAME' => '/www/wwwroot/lottery_xl/backend/web/index.php'
    'FCGI_ROLE' => 'RESPONDER'
    'PHP_SELF' => '/index.php'
    'REQUEST_TIME_FLOAT' => 1614077908.3793
    'REQUEST_TIME' => 1614077908
]
2021-02-23 18:58:28 [127.0.0.1][-][-][error][yii\base\ErrorException:8192] yii\base\ErrorException: Array and string offset access syntax with curly braces is deprecated in /www/wwwroot/lottery_xl/common/tools/Tool_Common.php:111
Stack trace:
#0 /www/wwwroot/lottery_xl/vendor/yiisoft/yii2/BaseYii.php(293): yii\base\ErrorHandler->handleError()
#1 /www/wwwroot/lottery_xl/vendor/yiisoft/yii2/BaseYii.php(293): include()
#2 [internal function]: yii\BaseYii::autoload()
#3 /www/wwwroot/lottery_xl/common/kj/xjssc/XjSsc.php(470): spl_autoload_call()
#4 /www/wwwroot/lottery_xl/backend/modules/kj/controllers/XjSscController.php(77): common\kj\xjssc\XjSsc::cg()
#5 [internal function]: backend\modules\kj\controllers\XjSscController->actionCg()
#6 /www/wwwroot/lottery_xl/vendor/yiisoft/yii2/base/InlineAction.php(57): call_user_func_array()
#7 /www/wwwroot/lottery_xl/vendor/yiisoft/yii2/base/Controller.php(157): yii\base\InlineAction->runWithParams()
#8 /www/wwwroot/lottery_xl/vendor/yiisoft/yii2/base/Module.php(528): yii\base\Controller->runAction()
#9 /www/wwwroot/lottery_xl/vendor/yiisoft/yii2/web/Application.php(103): yii\base\Module->runAction()
#10 /www/wwwroot/lottery_xl/vendor/yiisoft/yii2/base/Application.php(387): yii\web\Application->handleRequest()
#11 /www/wwwroot/lottery_xl/backend/web/index.php(22): yii\base\Application->run()
#12 {main}
2021-02-23 18:58:28 [127.0.0.1][-][-][info][application] $_GET = []

$_POST = []

$_FILES = []

$_COOKIE = []

$_SERVER = [
    'USER' => 'www'
    'HOME' => '/home/www'
    'HTTP_X_REQUESTED_WITH' => 'XMLHttpRequest'
    'HTTP_ACCEPT_ENCODING' => 'gunzip, deflate'
    'HTTP_CONNECTION' => 'keep-alive'
    'HTTP_ACCEPT_LANGUAGE' => 'zh-CN,zh;q=0.9'
    'HTTP_USER_AGENT' => 'Mozilla/5.0 (Windows NT 10.0; Win64; x64) AppleWebKit/537.36 (KHTML, like Gecko) Chrome/75.0.3770.100 Safari/537.36'
    'HTTP_ACCEPT' => '*/*'
    'HTTP_HOST' => 'www.lottery.com'
    'PATH_INFO' => ''
    'REDIRECT_STATUS' => '200'
    'SERVER_NAME' => 'lt.sm0898.com'
    'SERVER_PORT' => '80'
    'SERVER_ADDR' => '127.0.0.1'
    'REMOTE_PORT' => '53354'
    'REMOTE_ADDR' => '127.0.0.1'
    'SERVER_SOFTWARE' => 'nginx/1.18.0'
    'GATEWAY_INTERFACE' => 'CGI/1.1'
    'REQUEST_SCHEME' => 'http'
    'SERVER_PROTOCOL' => 'HTTP/1.1'
    'DOCUMENT_ROOT' => '/www/wwwroot/lottery_xl/backend/web'
    'DOCUMENT_URI' => '/index.php'
    'REQUEST_URI' => '/kj/xj-ssc/cg'
    'SCRIPT_NAME' => '/index.php'
    'CONTENT_LENGTH' => ''
    'CONTENT_TYPE' => ''
    'REQUEST_METHOD' => 'GET'
    'QUERY_STRING' => ''
    'SCRIPT_FILENAME' => '/www/wwwroot/lottery_xl/backend/web/index.php'
    'FCGI_ROLE' => 'RESPONDER'
    'PHP_SELF' => '/index.php'
    'REQUEST_TIME_FLOAT' => 1614077908.4467
    'REQUEST_TIME' => 1614077908
]
2021-02-23 18:58:28 [127.0.0.1][-][-][error][yii\base\ErrorException:8192] yii\base\ErrorException: Array and string offset access syntax with curly braces is deprecated in /www/wwwroot/lottery_xl/common/tools/Tool_Common.php:111
Stack trace:
#0 /www/wwwroot/lottery_xl/vendor/yiisoft/yii2/BaseYii.php(293): yii\base\ErrorHandler->handleError()
#1 /www/wwwroot/lottery_xl/vendor/yiisoft/yii2/BaseYii.php(293): include()
#2 [internal function]: yii\BaseYii::autoload()
#3 /www/wwwroot/lottery_xl/common/kj/xjssc/XjSsc.php(241): spl_autoload_call()
#4 /www/wwwroot/lottery_xl/backend/modules/kj/controllers/XjSscController.php(44): common\kj\xjssc\XjSsc::getLotteryNoNineNum()
#5 [internal function]: backend\modules\kj\controllers\XjSscController->actionNineNum()
#6 /www/wwwroot/lottery_xl/vendor/yiisoft/yii2/base/InlineAction.php(57): call_user_func_array()
#7 /www/wwwroot/lottery_xl/vendor/yiisoft/yii2/base/Controller.php(157): yii\base\InlineAction->runWithParams()
#8 /www/wwwroot/lottery_xl/vendor/yiisoft/yii2/base/Module.php(528): yii\base\Controller->runAction()
#9 /www/wwwroot/lottery_xl/vendor/yiisoft/yii2/web/Application.php(103): yii\base\Module->runAction()
#10 /www/wwwroot/lottery_xl/vendor/yiisoft/yii2/base/Application.php(387): yii\web\Application->handleRequest()
#11 /www/wwwroot/lottery_xl/backend/web/index.php(22): yii\base\Application->run()
#12 {main}
2021-02-23 18:58:28 [127.0.0.1][-][-][info][application] $_GET = []

$_POST = []

$_FILES = []

$_COOKIE = []

$_SERVER = [
    'USER' => 'www'
    'HOME' => '/home/www'
    'HTTP_X_REQUESTED_WITH' => 'XMLHttpRequest'
    'HTTP_ACCEPT_ENCODING' => 'gunzip, deflate'
    'HTTP_CONNECTION' => 'keep-alive'
    'HTTP_ACCEPT_LANGUAGE' => 'zh-CN,zh;q=0.9'
    'HTTP_USER_AGENT' => 'Mozilla/5.0 (Windows NT 10.0; Win64; x64) AppleWebKit/537.36 (KHTML, like Gecko) Chrome/75.0.3770.100 Safari/537.36'
    'HTTP_ACCEPT' => '*/*'
    'HTTP_HOST' => 'www.lottery.com'
    'PATH_INFO' => ''
    'REDIRECT_STATUS' => '200'
    'SERVER_NAME' => 'lt.sm0898.com'
    'SERVER_PORT' => '80'
    'SERVER_ADDR' => '127.0.0.1'
    'REMOTE_PORT' => '53360'
    'REMOTE_ADDR' => '127.0.0.1'
    'SERVER_SOFTWARE' => 'nginx/1.18.0'
    'GATEWAY_INTERFACE' => 'CGI/1.1'
    'REQUEST_SCHEME' => 'http'
    'SERVER_PROTOCOL' => 'HTTP/1.1'
    'DOCUMENT_ROOT' => '/www/wwwroot/lottery_xl/backend/web'
    'DOCUMENT_URI' => '/index.php'
    'REQUEST_URI' => '/kj/xj-ssc/nine-num'
    'SCRIPT_NAME' => '/index.php'
    'CONTENT_LENGTH' => ''
    'CONTENT_TYPE' => ''
    'REQUEST_METHOD' => 'GET'
    'QUERY_STRING' => ''
    'SCRIPT_FILENAME' => '/www/wwwroot/lottery_xl/backend/web/index.php'
    'FCGI_ROLE' => 'RESPONDER'
    'PHP_SELF' => '/index.php'
    'REQUEST_TIME_FLOAT' => 1614077908.5235
    'REQUEST_TIME' => 1614077908
]
2021-02-23 18:58:28 [127.0.0.1][-][-][error][yii\base\ErrorException:8192] yii\base\ErrorException: Array and string offset access syntax with curly braces is deprecated in /www/wwwroot/lottery_xl/common/tools/Tool_Common.php:111
Stack trace:
#0 /www/wwwroot/lottery_xl/vendor/yiisoft/yii2/BaseYii.php(293): yii\base\ErrorHandler->handleError()
#1 /www/wwwroot/lottery_xl/vendor/yiisoft/yii2/BaseYii.php(293): include()
#2 [internal function]: yii\BaseYii::autoload()
#3 /www/wwwroot/lottery_xl/common/kj/xjssc/XjSsc.php(327): spl_autoload_call()
#4 /www/wwwroot/lottery_xl/backend/modules/kj/controllers/XjSscController.php(99): common\kj\xjssc\XjSsc::NineNineNew()
#5 [internal function]: backend\modules\kj\controllers\XjSscController->actionNineNineNew()
#6 /www/wwwroot/lottery_xl/vendor/yiisoft/yii2/base/InlineAction.php(57): call_user_func_array()
#7 /www/wwwroot/lottery_xl/vendor/yiisoft/yii2/base/Controller.php(157): yii\base\InlineAction->runWithParams()
#8 /www/wwwroot/lottery_xl/vendor/yiisoft/yii2/base/Module.php(528): yii\base\Controller->runAction()
#9 /www/wwwroot/lottery_xl/vendor/yiisoft/yii2/web/Application.php(103): yii\base\Module->runAction()
#10 /www/wwwroot/lottery_xl/vendor/yiisoft/yii2/base/Application.php(387): yii\web\Application->handleRequest()
#11 /www/wwwroot/lottery_xl/backend/web/index.php(22): yii\base\Application->run()
#12 {main}
2021-02-23 18:58:28 [127.0.0.1][-][-][info][application] $_GET = []

$_POST = []

$_FILES = []

$_COOKIE = []

$_SERVER = [
    'USER' => 'www'
    'HOME' => '/home/www'
    'HTTP_X_REQUESTED_WITH' => 'XMLHttpRequest'
    'HTTP_ACCEPT_ENCODING' => 'gunzip, deflate'
    'HTTP_CONNECTION' => 'keep-alive'
    'HTTP_ACCEPT_LANGUAGE' => 'zh-CN,zh;q=0.9'
    'HTTP_USER_AGENT' => 'Mozilla/5.0 (Windows NT 10.0; Win64; x64) AppleWebKit/537.36 (KHTML, like Gecko) Chrome/75.0.3770.100 Safari/537.36'
    'HTTP_ACCEPT' => '*/*'
    'HTTP_HOST' => 'www.lottery.com'
    'PATH_INFO' => ''
    'REDIRECT_STATUS' => '200'
    'SERVER_NAME' => 'lt.sm0898.com'
    'SERVER_PORT' => '80'
    'SERVER_ADDR' => '127.0.0.1'
    'REMOTE_PORT' => '53366'
    'REMOTE_ADDR' => '127.0.0.1'
    'SERVER_SOFTWARE' => 'nginx/1.18.0'
    'GATEWAY_INTERFACE' => 'CGI/1.1'
    'REQUEST_SCHEME' => 'http'
    'SERVER_PROTOCOL' => 'HTTP/1.1'
    'DOCUMENT_ROOT' => '/www/wwwroot/lottery_xl/backend/web'
    'DOCUMENT_URI' => '/index.php'
    'REQUEST_URI' => '/kj/xj-ssc/nine-nine-new'
    'SCRIPT_NAME' => '/index.php'
    'CONTENT_LENGTH' => ''
    'CONTENT_TYPE' => ''
    'REQUEST_METHOD' => 'GET'
    'QUERY_STRING' => ''
    'SCRIPT_FILENAME' => '/www/wwwroot/lottery_xl/backend/web/index.php'
    'FCGI_ROLE' => 'RESPONDER'
    'PHP_SELF' => '/index.php'
    'REQUEST_TIME_FLOAT' => 1614077908.5891
    'REQUEST_TIME' => 1614077908
]
2021-02-23 18:58:33 [127.0.0.1][-][-][error][yii\base\ErrorException:8192] yii\base\ErrorException: Array and string offset access syntax with curly braces is deprecated in /www/wwwroot/lottery_xl/common/tools/Tool_Common.php:111
Stack trace:
#0 /www/wwwroot/lottery_xl/vendor/yiisoft/yii2/BaseYii.php(293): yii\base\ErrorHandler->handleError()
#1 /www/wwwroot/lottery_xl/vendor/yiisoft/yii2/BaseYii.php(293): include()
#2 [internal function]: yii\BaseYii::autoload()
#3 /www/wwwroot/lottery_xl/common/kj/xjssc/XjSsc.php(367): spl_autoload_call()
#4 /www/wwwroot/lottery_xl/backend/modules/kj/controllers/XjSscController.php(66): common\kj\xjssc\XjSsc::fuLiCai()
#5 [internal function]: backend\modules\kj\controllers\XjSscController->actionFuLiCai()
#6 /www/wwwroot/lottery_xl/vendor/yiisoft/yii2/base/InlineAction.php(57): call_user_func_array()
#7 /www/wwwroot/lottery_xl/vendor/yiisoft/yii2/base/Controller.php(157): yii\base\InlineAction->runWithParams()
#8 /www/wwwroot/lottery_xl/vendor/yiisoft/yii2/base/Module.php(528): yii\base\Controller->runAction()
#9 /www/wwwroot/lottery_xl/vendor/yiisoft/yii2/web/Application.php(103): yii\base\Module->runAction()
#10 /www/wwwroot/lottery_xl/vendor/yiisoft/yii2/base/Application.php(387): yii\web\Application->handleRequest()
#11 /www/wwwroot/lottery_xl/backend/web/index.php(22): yii\base\Application->run()
#12 {main}
2021-02-23 18:58:33 [127.0.0.1][-][-][info][application] $_GET = []

$_POST = []

$_FILES = []

$_COOKIE = []

$_SERVER = [
    'USER' => 'www'
    'HOME' => '/home/www'
    'HTTP_X_REQUESTED_WITH' => 'XMLHttpRequest'
    'HTTP_ACCEPT_ENCODING' => 'gunzip, deflate'
    'HTTP_CONNECTION' => 'keep-alive'
    'HTTP_ACCEPT_LANGUAGE' => 'zh-CN,zh;q=0.9'
    'HTTP_USER_AGENT' => 'Mozilla/5.0 (Windows NT 10.0; Win64; x64) AppleWebKit/537.36 (KHTML, like Gecko) Chrome/75.0.3770.100 Safari/537.36'
    'HTTP_ACCEPT' => '*/*'
    'HTTP_HOST' => 'www.lottery.com'
    'PATH_INFO' => ''
    'REDIRECT_STATUS' => '200'
    'SERVER_NAME' => 'lt.sm0898.com'
    'SERVER_PORT' => '80'
    'SERVER_ADDR' => '127.0.0.1'
    'REMOTE_PORT' => '53372'
    'REMOTE_ADDR' => '127.0.0.1'
    'SERVER_SOFTWARE' => 'nginx/1.18.0'
    'GATEWAY_INTERFACE' => 'CGI/1.1'
    'REQUEST_SCHEME' => 'http'
    'SERVER_PROTOCOL' => 'HTTP/1.1'
    'DOCUMENT_ROOT' => '/www/wwwroot/lottery_xl/backend/web'
    'DOCUMENT_URI' => '/index.php'
    'REQUEST_URI' => '/kj/xj-ssc/fu-li-cai'
    'SCRIPT_NAME' => '/index.php'
    'CONTENT_LENGTH' => ''
    'CONTENT_TYPE' => ''
    'REQUEST_METHOD' => 'GET'
    'QUERY_STRING' => ''
    'SCRIPT_FILENAME' => '/www/wwwroot/lottery_xl/backend/web/index.php'
    'FCGI_ROLE' => 'RESPONDER'
    'PHP_SELF' => '/index.php'
    'REQUEST_TIME_FLOAT' => 1614077913.6822
    'REQUEST_TIME' => 1614077913
]
2021-02-23 18:58:33 [127.0.0.1][-][-][error][yii\base\ErrorException:8192] yii\base\ErrorException: Array and string offset access syntax with curly braces is deprecated in /www/wwwroot/lottery_xl/common/tools/Tool_Common.php:111
Stack trace:
#0 /www/wwwroot/lottery_xl/vendor/yiisoft/yii2/BaseYii.php(293): yii\base\ErrorHandler->handleError()
#1 /www/wwwroot/lottery_xl/vendor/yiisoft/yii2/BaseYii.php(293): include()
#2 [internal function]: yii\BaseYii::autoload()
#3 /www/wwwroot/lottery_xl/common/kj/xjssc/XjSsc.php(470): spl_autoload_call()
#4 /www/wwwroot/lottery_xl/backend/modules/kj/controllers/XjSscController.php(77): common\kj\xjssc\XjSsc::cg()
#5 [internal function]: backend\modules\kj\controllers\XjSscController->actionCg()
#6 /www/wwwroot/lottery_xl/vendor/yiisoft/yii2/base/InlineAction.php(57): call_user_func_array()
#7 /www/wwwroot/lottery_xl/vendor/yiisoft/yii2/base/Controller.php(157): yii\base\InlineAction->runWithParams()
#8 /www/wwwroot/lottery_xl/vendor/yiisoft/yii2/base/Module.php(528): yii\base\Controller->runAction()
#9 /www/wwwroot/lottery_xl/vendor/yiisoft/yii2/web/Application.php(103): yii\base\Module->runAction()
#10 /www/wwwroot/lottery_xl/vendor/yiisoft/yii2/base/Application.php(387): yii\web\Application->handleRequest()
#11 /www/wwwroot/lottery_xl/backend/web/index.php(22): yii\base\Application->run()
#12 {main}
2021-02-23 18:58:33 [127.0.0.1][-][-][info][application] $_GET = []

$_POST = []

$_FILES = []

$_COOKIE = []

$_SERVER = [
    'USER' => 'www'
    'HOME' => '/home/www'
    'HTTP_X_REQUESTED_WITH' => 'XMLHttpRequest'
    'HTTP_ACCEPT_ENCODING' => 'gunzip, deflate'
    'HTTP_CONNECTION' => 'keep-alive'
    'HTTP_ACCEPT_LANGUAGE' => 'zh-CN,zh;q=0.9'
    'HTTP_USER_AGENT' => 'Mozilla/5.0 (Windows NT 10.0; Win64; x64) AppleWebKit/537.36 (KHTML, like Gecko) Chrome/75.0.3770.100 Safari/537.36'
    'HTTP_ACCEPT' => '*/*'
    'HTTP_HOST' => 'www.lottery.com'
    'PATH_INFO' => ''
    'REDIRECT_STATUS' => '200'
    'SERVER_NAME' => 'lt.sm0898.com'
    'SERVER_PORT' => '80'
    'SERVER_ADDR' => '127.0.0.1'
    'REMOTE_PORT' => '53378'
    'REMOTE_ADDR' => '127.0.0.1'
    'SERVER_SOFTWARE' => 'nginx/1.18.0'
    'GATEWAY_INTERFACE' => 'CGI/1.1'
    'REQUEST_SCHEME' => 'http'
    'SERVER_PROTOCOL' => 'HTTP/1.1'
    'DOCUMENT_ROOT' => '/www/wwwroot/lottery_xl/backend/web'
    'DOCUMENT_URI' => '/index.php'
    'REQUEST_URI' => '/kj/xj-ssc/cg'
    'SCRIPT_NAME' => '/index.php'
    'CONTENT_LENGTH' => ''
    'CONTENT_TYPE' => ''
    'REQUEST_METHOD' => 'GET'
    'QUERY_STRING' => ''
    'SCRIPT_FILENAME' => '/www/wwwroot/lottery_xl/backend/web/index.php'
    'FCGI_ROLE' => 'RESPONDER'
    'PHP_SELF' => '/index.php'
    'REQUEST_TIME_FLOAT' => 1614077913.7572
    'REQUEST_TIME' => 1614077913
]
2021-02-23 18:58:33 [127.0.0.1][-][-][error][yii\base\ErrorException:8192] yii\base\ErrorException: Array and string offset access syntax with curly braces is deprecated in /www/wwwroot/lottery_xl/common/tools/Tool_Common.php:111
Stack trace:
#0 /www/wwwroot/lottery_xl/vendor/yiisoft/yii2/BaseYii.php(293): yii\base\ErrorHandler->handleError()
#1 /www/wwwroot/lottery_xl/vendor/yiisoft/yii2/BaseYii.php(293): include()
#2 [internal function]: yii\BaseYii::autoload()
#3 /www/wwwroot/lottery_xl/common/kj/xjssc/XjSsc.php(241): spl_autoload_call()
#4 /www/wwwroot/lottery_xl/backend/modules/kj/controllers/XjSscController.php(44): common\kj\xjssc\XjSsc::getLotteryNoNineNum()
#5 [internal function]: backend\modules\kj\controllers\XjSscController->actionNineNum()
#6 /www/wwwroot/lottery_xl/vendor/yiisoft/yii2/base/InlineAction.php(57): call_user_func_array()
#7 /www/wwwroot/lottery_xl/vendor/yiisoft/yii2/base/Controller.php(157): yii\base\InlineAction->runWithParams()
#8 /www/wwwroot/lottery_xl/vendor/yiisoft/yii2/base/Module.php(528): yii\base\Controller->runAction()
#9 /www/wwwroot/lottery_xl/vendor/yiisoft/yii2/web/Application.php(103): yii\base\Module->runAction()
#10 /www/wwwroot/lottery_xl/vendor/yiisoft/yii2/base/Application.php(387): yii\web\Application->handleRequest()
#11 /www/wwwroot/lottery_xl/backend/web/index.php(22): yii\base\Application->run()
#12 {main}
2021-02-23 18:58:33 [127.0.0.1][-][-][info][application] $_GET = []

$_POST = []

$_FILES = []

$_COOKIE = []

$_SERVER = [
    'USER' => 'www'
    'HOME' => '/home/www'
    'HTTP_X_REQUESTED_WITH' => 'XMLHttpRequest'
    'HTTP_ACCEPT_ENCODING' => 'gunzip, deflate'
    'HTTP_CONNECTION' => 'keep-alive'
    'HTTP_ACCEPT_LANGUAGE' => 'zh-CN,zh;q=0.9'
    'HTTP_USER_AGENT' => 'Mozilla/5.0 (Windows NT 10.0; Win64; x64) AppleWebKit/537.36 (KHTML, like Gecko) Chrome/75.0.3770.100 Safari/537.36'
    'HTTP_ACCEPT' => '*/*'
    'HTTP_HOST' => 'www.lottery.com'
    'PATH_INFO' => ''
    'REDIRECT_STATUS' => '200'
    'SERVER_NAME' => 'lt.sm0898.com'
    'SERVER_PORT' => '80'
    'SERVER_ADDR' => '127.0.0.1'
    'REMOTE_PORT' => '53384'
    'REMOTE_ADDR' => '127.0.0.1'
    'SERVER_SOFTWARE' => 'nginx/1.18.0'
    'GATEWAY_INTERFACE' => 'CGI/1.1'
    'REQUEST_SCHEME' => 'http'
    'SERVER_PROTOCOL' => 'HTTP/1.1'
    'DOCUMENT_ROOT' => '/www/wwwroot/lottery_xl/backend/web'
    'DOCUMENT_URI' => '/index.php'
    'REQUEST_URI' => '/kj/xj-ssc/nine-num'
    'SCRIPT_NAME' => '/index.php'
    'CONTENT_LENGTH' => ''
    'CONTENT_TYPE' => ''
    'REQUEST_METHOD' => 'GET'
    'QUERY_STRING' => ''
    'SCRIPT_FILENAME' => '/www/wwwroot/lottery_xl/backend/web/index.php'
    'FCGI_ROLE' => 'RESPONDER'
    'PHP_SELF' => '/index.php'
    'REQUEST_TIME_FLOAT' => 1614077913.824
    'REQUEST_TIME' => 1614077913
]
2021-02-23 18:58:33 [127.0.0.1][-][-][error][yii\base\ErrorException:8192] yii\base\ErrorException: Array and string offset access syntax with curly braces is deprecated in /www/wwwroot/lottery_xl/common/tools/Tool_Common.php:111
Stack trace:
#0 /www/wwwroot/lottery_xl/vendor/yiisoft/yii2/BaseYii.php(293): yii\base\ErrorHandler->handleError()
#1 /www/wwwroot/lottery_xl/vendor/yiisoft/yii2/BaseYii.php(293): include()
#2 [internal function]: yii\BaseYii::autoload()
#3 /www/wwwroot/lottery_xl/common/kj/xjssc/XjSsc.php(327): spl_autoload_call()
#4 /www/wwwroot/lottery_xl/backend/modules/kj/controllers/XjSscController.php(99): common\kj\xjssc\XjSsc::NineNineNew()
#5 [internal function]: backend\modules\kj\controllers\XjSscController->actionNineNineNew()
#6 /www/wwwroot/lottery_xl/vendor/yiisoft/yii2/base/InlineAction.php(57): call_user_func_array()
#7 /www/wwwroot/lottery_xl/vendor/yiisoft/yii2/base/Controller.php(157): yii\base\InlineAction->runWithParams()
#8 /www/wwwroot/lottery_xl/vendor/yiisoft/yii2/base/Module.php(528): yii\base\Controller->runAction()
#9 /www/wwwroot/lottery_xl/vendor/yiisoft/yii2/web/Application.php(103): yii\base\Module->runAction()
#10 /www/wwwroot/lottery_xl/vendor/yiisoft/yii2/base/Application.php(387): yii\web\Application->handleRequest()
#11 /www/wwwroot/lottery_xl/backend/web/index.php(22): yii\base\Application->run()
#12 {main}
2021-02-23 18:58:33 [127.0.0.1][-][-][info][application] $_GET = []

$_POST = []

$_FILES = []

$_COOKIE = []

$_SERVER = [
    'USER' => 'www'
    'HOME' => '/home/www'
    'HTTP_X_REQUESTED_WITH' => 'XMLHttpRequest'
    'HTTP_ACCEPT_ENCODING' => 'gunzip, deflate'
    'HTTP_CONNECTION' => 'keep-alive'
    'HTTP_ACCEPT_LANGUAGE' => 'zh-CN,zh;q=0.9'
    'HTTP_USER_AGENT' => 'Mozilla/5.0 (Windows NT 10.0; Win64; x64) AppleWebKit/537.36 (KHTML, like Gecko) Chrome/75.0.3770.100 Safari/537.36'
    'HTTP_ACCEPT' => '*/*'
    'HTTP_HOST' => 'www.lottery.com'
    'PATH_INFO' => ''
    'REDIRECT_STATUS' => '200'
    'SERVER_NAME' => 'lt.sm0898.com'
    'SERVER_PORT' => '80'
    'SERVER_ADDR' => '127.0.0.1'
    'REMOTE_PORT' => '53390'
    'REMOTE_ADDR' => '127.0.0.1'
    'SERVER_SOFTWARE' => 'nginx/1.18.0'
    'GATEWAY_INTERFACE' => 'CGI/1.1'
    'REQUEST_SCHEME' => 'http'
    'SERVER_PROTOCOL' => 'HTTP/1.1'
    'DOCUMENT_ROOT' => '/www/wwwroot/lottery_xl/backend/web'
    'DOCUMENT_URI' => '/index.php'
    'REQUEST_URI' => '/kj/xj-ssc/nine-nine-new'
    'SCRIPT_NAME' => '/index.php'
    'CONTENT_LENGTH' => ''
    'CONTENT_TYPE' => ''
    'REQUEST_METHOD' => 'GET'
    'QUERY_STRING' => ''
    'SCRIPT_FILENAME' => '/www/wwwroot/lottery_xl/backend/web/index.php'
    'FCGI_ROLE' => 'RESPONDER'
    'PHP_SELF' => '/index.php'
    'REQUEST_TIME_FLOAT' => 1614077913.8893
    'REQUEST_TIME' => 1614077913
]
2021-02-23 18:59:01 [127.0.0.1][-][-][error][yii\base\ErrorException:8192] yii\base\ErrorException: The behavior of unparenthesized expressions containing both '.' and '+'/'-' will change in PHP 8: '+'/'-' will take a higher precedence in /www/wwwroot/lottery_xl/common/tools/KjDataGet.php:467
Stack trace:
#0 /www/wwwroot/lottery_xl/vendor/yiisoft/yii2/BaseYii.php(293): yii\base\ErrorHandler->handleError()
#1 /www/wwwroot/lottery_xl/vendor/yiisoft/yii2/BaseYii.php(293): include()
#2 [internal function]: yii\BaseYii::autoload()
#3 /www/wwwroot/lottery_xl/backend/modules/cron/controllers/IndexController.php(170): spl_autoload_call()
#4 [internal function]: backend\modules\cron\controllers\IndexController->actionUpdateNullCodes()
#5 /www/wwwroot/lottery_xl/vendor/yiisoft/yii2/base/InlineAction.php(57): call_user_func_array()
#6 /www/wwwroot/lottery_xl/vendor/yiisoft/yii2/base/Controller.php(157): yii\base\InlineAction->runWithParams()
#7 /www/wwwroot/lottery_xl/vendor/yiisoft/yii2/base/Module.php(528): yii\base\Controller->runAction()
#8 /www/wwwroot/lottery_xl/vendor/yiisoft/yii2/web/Application.php(103): yii\base\Module->runAction()
#9 /www/wwwroot/lottery_xl/vendor/yiisoft/yii2/base/Application.php(387): yii\web\Application->handleRequest()
#10 /www/wwwroot/lottery_xl/backend/web/index.php(22): yii\base\Application->run()
#11 {main}
2021-02-23 18:59:01 [127.0.0.1][-][-][info][application] $_GET = []

$_POST = []

$_FILES = []

$_COOKIE = []

$_SERVER = [
    'USER' => 'www'
    'HOME' => '/home/www'
    'HTTP_ACCEPT' => '*/*'
    'HTTP_USER_AGENT' => 'curl/7.61.1'
    'HTTP_HOST' => 'www.lottery.com'
    'PATH_INFO' => ''
    'REDIRECT_STATUS' => '200'
    'SERVER_NAME' => 'lt.sm0898.com'
    'SERVER_PORT' => '80'
    'SERVER_ADDR' => '127.0.0.1'
    'REMOTE_PORT' => '53404'
    'REMOTE_ADDR' => '127.0.0.1'
    'SERVER_SOFTWARE' => 'nginx/1.18.0'
    'GATEWAY_INTERFACE' => 'CGI/1.1'
    'REQUEST_SCHEME' => 'http'
    'SERVER_PROTOCOL' => 'HTTP/1.1'
    'DOCUMENT_ROOT' => '/www/wwwroot/lottery_xl/backend/web'
    'DOCUMENT_URI' => '/index.php'
    'REQUEST_URI' => '/cron/index/update-null-codes'
    'SCRIPT_NAME' => '/index.php'
    'CONTENT_LENGTH' => ''
    'CONTENT_TYPE' => ''
    'REQUEST_METHOD' => 'GET'
    'QUERY_STRING' => ''
    'SCRIPT_FILENAME' => '/www/wwwroot/lottery_xl/backend/web/index.php'
    'FCGI_ROLE' => 'RESPONDER'
    'PHP_SELF' => '/index.php'
    'REQUEST_TIME_FLOAT' => 1614077941.3747
    'REQUEST_TIME' => 1614077941
]
2021-02-23 18:59:01 [127.0.0.1][-][-][error][yii\base\ErrorException:8192] yii\base\ErrorException: The behavior of unparenthesized expressions containing both '.' and '+'/'-' will change in PHP 8: '+'/'-' will take a higher precedence in /www/wwwroot/lottery_xl/common/tools/KjDataGet.php:467
Stack trace:
#0 /www/wwwroot/lottery_xl/vendor/yiisoft/yii2/BaseYii.php(293): yii\base\ErrorHandler->handleError()
#1 /www/wwwroot/lottery_xl/vendor/yiisoft/yii2/BaseYii.php(293): include()
#2 [internal function]: yii\BaseYii::autoload()
#3 /www/wwwroot/lottery_xl/backend/modules/cron/controllers/IndexController.php(84): spl_autoload_call()
#4 [internal function]: backend\modules\cron\controllers\IndexController->actionGrabKjDataOne()
#5 /www/wwwroot/lottery_xl/vendor/yiisoft/yii2/base/InlineAction.php(57): call_user_func_array()
#6 /www/wwwroot/lottery_xl/vendor/yiisoft/yii2/base/Controller.php(157): yii\base\InlineAction->runWithParams()
#7 /www/wwwroot/lottery_xl/vendor/yiisoft/yii2/base/Module.php(528): yii\base\Controller->runAction()
#8 /www/wwwroot/lottery_xl/vendor/yiisoft/yii2/web/Application.php(103): yii\base\Module->runAction()
#9 /www/wwwroot/lottery_xl/vendor/yiisoft/yii2/base/Application.php(387): yii\web\Application->handleRequest()
#10 /www/wwwroot/lottery_xl/backend/web/index.php(22): yii\base\Application->run()
#11 {main}
2021-02-23 18:59:01 [127.0.0.1][-][-][info][application] $_GET = []

$_POST = []

$_FILES = []

$_COOKIE = []

$_SERVER = [
    'USER' => 'www'
    'HOME' => '/home/www'
    'HTTP_CONTENT_LENGTH' => '24'
    'HTTP_CONTENT_TYPE' => 'application/json'
    'HTTP_ACCEPT' => '*/*'
    'HTTP_USER_AGENT' => 'curl/7.61.1'
    'HTTP_HOST' => 'www.lottery.com'
    'PATH_INFO' => ''
    'REDIRECT_STATUS' => '200'
    'SERVER_NAME' => 'lt.sm0898.com'
    'SERVER_PORT' => '80'
    'SERVER_ADDR' => '127.0.0.1'
    'REMOTE_PORT' => '53412'
    'REMOTE_ADDR' => '127.0.0.1'
    'SERVER_SOFTWARE' => 'nginx/1.18.0'
    'GATEWAY_INTERFACE' => 'CGI/1.1'
    'REQUEST_SCHEME' => 'http'
    'SERVER_PROTOCOL' => 'HTTP/1.1'
    'DOCUMENT_ROOT' => '/www/wwwroot/lottery_xl/backend/web'
    'DOCUMENT_URI' => '/index.php'
    'REQUEST_URI' => '/cron/index/grab-kj-data-one'
    'SCRIPT_NAME' => '/index.php'
    'CONTENT_LENGTH' => '24'
    'CONTENT_TYPE' => 'application/json'
    'REQUEST_METHOD' => 'POST'
    'QUERY_STRING' => ''
    'SCRIPT_FILENAME' => '/www/wwwroot/lottery_xl/backend/web/index.php'
    'FCGI_ROLE' => 'RESPONDER'
    'PHP_SELF' => '/index.php'
    'REQUEST_TIME_FLOAT' => 1614077941.4764
    'REQUEST_TIME' => 1614077941
]
2021-02-23 18:59:01 [127.0.0.1][-][-][error][yii\base\ErrorException:8192] yii\base\ErrorException: Array and string offset access syntax with curly braces is deprecated in /www/wwwroot/lottery_xl/common/tools/Tool_Common.php:111
Stack trace:
#0 /www/wwwroot/lottery_xl/vendor/yiisoft/yii2/BaseYii.php(293): yii\base\ErrorHandler->handleError()
#1 /www/wwwroot/lottery_xl/vendor/yiisoft/yii2/BaseYii.php(293): include()
#2 [internal function]: yii\BaseYii::autoload()
#3 /www/wwwroot/lottery_xl/backend/service/BetService.php(489): spl_autoload_call()
#4 /www/wwwroot/lottery_xl/backend/service/BetService.php(339): backend\service\BetService::isCanBet()
#5 /www/wwwroot/lottery_xl/backend/service/BetService.php(221): backend\service\BetService::betByUidNew()
#6 /www/wwwroot/lottery_xl/backend/modules/cron/controllers/IndexController.php(246): backend\service\BetService::lotteryBet()
#7 [internal function]: backend\modules\cron\controllers\IndexController::actionBetByUid()
#8 /www/wwwroot/lottery_xl/vendor/yiisoft/yii2/base/InlineAction.php(57): call_user_func_array()
#9 /www/wwwroot/lottery_xl/vendor/yiisoft/yii2/base/Controller.php(157): yii\base\InlineAction->runWithParams()
#10 /www/wwwroot/lottery_xl/vendor/yiisoft/yii2/base/Module.php(528): yii\base\Controller->runAction()
#11 /www/wwwroot/lottery_xl/vendor/yiisoft/yii2/web/Application.php(103): yii\base\Module->runAction()
#12 /www/wwwroot/lottery_xl/vendor/yiisoft/yii2/base/Application.php(387): yii\web\Application->handleRequest()
#13 /www/wwwroot/lottery_xl/backend/web/index.php(22): yii\base\Application->run()
#14 {main}
2021-02-23 18:59:01 [127.0.0.1][-][-][info][application] $_GET = []

$_POST = []

$_FILES = []

$_COOKIE = []

$_SERVER = [
    'USER' => 'www'
    'HOME' => '/home/www'
    'HTTP_CONTENT_LENGTH' => '13'
    'HTTP_CONTENT_TYPE' => 'application/json'
    'HTTP_ACCEPT' => '*/*'
    'HTTP_USER_AGENT' => 'curl/7.61.1'
    'HTTP_HOST' => 'www.lottery.com'
    'PATH_INFO' => ''
    'REDIRECT_STATUS' => '200'
    'SERVER_NAME' => 'lt.sm0898.com'
    'SERVER_PORT' => '80'
    'SERVER_ADDR' => '127.0.0.1'
    'REMOTE_PORT' => '53414'
    'REMOTE_ADDR' => '127.0.0.1'
    'SERVER_SOFTWARE' => 'nginx/1.18.0'
    'GATEWAY_INTERFACE' => 'CGI/1.1'
    'REQUEST_SCHEME' => 'http'
    'SERVER_PROTOCOL' => 'HTTP/1.1'
    'DOCUMENT_ROOT' => '/www/wwwroot/lottery_xl/backend/web'
    'DOCUMENT_URI' => '/index.php'
    'REQUEST_URI' => '/cron/index/bet-by-uid'
    'SCRIPT_NAME' => '/index.php'
    'CONTENT_LENGTH' => '13'
    'CONTENT_TYPE' => 'application/json'
    'REQUEST_METHOD' => 'POST'
    'QUERY_STRING' => ''
    'SCRIPT_FILENAME' => '/www/wwwroot/lottery_xl/backend/web/index.php'
    'FCGI_ROLE' => 'RESPONDER'
    'PHP_SELF' => '/index.php'
    'REQUEST_TIME_FLOAT' => 1614077941.485
    'REQUEST_TIME' => 1614077941
]
2021-02-23 18:59:01 [127.0.0.1][-][-][error][yii\base\ErrorException:8192] yii\base\ErrorException: Array and string offset access syntax with curly braces is deprecated in /www/wwwroot/lottery_xl/common/tools/Tool_Common.php:111
Stack trace:
#0 /www/wwwroot/lottery_xl/vendor/yiisoft/yii2/BaseYii.php(293): yii\base\ErrorHandler->handleError()
#1 /www/wwwroot/lottery_xl/vendor/yiisoft/yii2/BaseYii.php(293): include()
#2 [internal function]: yii\BaseYii::autoload()
#3 /www/wwwroot/lottery_xl/backend/service/SscDataService.php(3017): spl_autoload_call()
#4 /www/wwwroot/lottery_xl/backend/modules/cron/controllers/IndexController.php(430): backend\service\SscDataService::staticPerShuTrueFalse()
#5 [internal function]: backend\modules\cron\controllers\IndexController->actionSetPeiShuTrueFalse()
#6 /www/wwwroot/lottery_xl/vendor/yiisoft/yii2/base/InlineAction.php(57): call_user_func_array()
#7 /www/wwwroot/lottery_xl/vendor/yiisoft/yii2/base/Controller.php(157): yii\base\InlineAction->runWithParams()
#8 /www/wwwroot/lottery_xl/vendor/yiisoft/yii2/base/Module.php(528): yii\base\Controller->runAction()
#9 /www/wwwroot/lottery_xl/vendor/yiisoft/yii2/web/Application.php(103): yii\base\Module->runAction()
#10 /www/wwwroot/lottery_xl/vendor/yiisoft/yii2/base/Application.php(387): yii\web\Application->handleRequest()
#11 /www/wwwroot/lottery_xl/backend/web/index.php(22): yii\base\Application->run()
#12 {main}
2021-02-23 18:59:01 [127.0.0.1][-][-][info][application] $_GET = []

$_POST = []

$_FILES = []

$_COOKIE = []

$_SERVER = [
    'USER' => 'www'
    'HOME' => '/home/www'
    'HTTP_CONTENT_LENGTH' => '24'
    'HTTP_CONTENT_TYPE' => 'application/json'
    'HTTP_ACCEPT' => '*/*'
    'HTTP_USER_AGENT' => 'curl/7.61.1'
    'HTTP_HOST' => 'www.lottery.com'
    'PATH_INFO' => ''
    'REDIRECT_STATUS' => '200'
    'SERVER_NAME' => 'lt.sm0898.com'
    'SERVER_PORT' => '80'
    'SERVER_ADDR' => '127.0.0.1'
    'REMOTE_PORT' => '53410'
    'REMOTE_ADDR' => '127.0.0.1'
    'SERVER_SOFTWARE' => 'nginx/1.18.0'
    'GATEWAY_INTERFACE' => 'CGI/1.1'
    'REQUEST_SCHEME' => 'http'
    'SERVER_PROTOCOL' => 'HTTP/1.1'
    'DOCUMENT_ROOT' => '/www/wwwroot/lottery_xl/backend/web'
    'DOCUMENT_URI' => '/index.php'
    'REQUEST_URI' => '/cron/index/set-pei-shu-true-false'
    'SCRIPT_NAME' => '/index.php'
    'CONTENT_LENGTH' => '24'
    'CONTENT_TYPE' => 'application/json'
    'REQUEST_METHOD' => 'POST'
    'QUERY_STRING' => ''
    'SCRIPT_FILENAME' => '/www/wwwroot/lottery_xl/backend/web/index.php'
    'FCGI_ROLE' => 'RESPONDER'
    'PHP_SELF' => '/index.php'
    'REQUEST_TIME_FLOAT' => 1614077941.4756
    'REQUEST_TIME' => 1614077941
]
2021-02-23 18:59:01 [127.0.0.1][-][-][error][yii\base\ErrorException:8192] yii\base\ErrorException: Array and string offset access syntax with curly braces is deprecated in /www/wwwroot/lottery_xl/common/tools/Tool_Common.php:111
Stack trace:
#0 /www/wwwroot/lottery_xl/vendor/yiisoft/yii2/BaseYii.php(293): yii\base\ErrorHandler->handleError()
#1 /www/wwwroot/lottery_xl/vendor/yiisoft/yii2/BaseYii.php(293): include()
#2 [internal function]: yii\BaseYii::autoload()
#3 /www/wwwroot/lottery_xl/backend/service/BetService.php(489): spl_autoload_call()
#4 /www/wwwroot/lottery_xl/backend/service/BetService.php(339): backend\service\BetService::isCanBet()
#5 /www/wwwroot/lottery_xl/backend/service/BetService.php(221): backend\service\BetService::betByUidNew()
#6 /www/wwwroot/lottery_xl/backend/modules/cron/controllers/IndexController.php(246): backend\service\BetService::lotteryBet()
#7 [internal function]: backend\modules\cron\controllers\IndexController::actionBetByUid()
#8 /www/wwwroot/lottery_xl/vendor/yiisoft/yii2/base/InlineAction.php(57): call_user_func_array()
#9 /www/wwwroot/lottery_xl/vendor/yiisoft/yii2/base/Controller.php(157): yii\base\InlineAction->runWithParams()
#10 /www/wwwroot/lottery_xl/vendor/yiisoft/yii2/base/Module.php(528): yii\base\Controller->runAction()
#11 /www/wwwroot/lottery_xl/vendor/yiisoft/yii2/web/Application.php(103): yii\base\Module->runAction()
#12 /www/wwwroot/lottery_xl/vendor/yiisoft/yii2/base/Application.php(387): yii\web\Application->handleRequest()
#13 /www/wwwroot/lottery_xl/backend/web/index.php(22): yii\base\Application->run()
#14 {main}
2021-02-23 18:59:01 [127.0.0.1][-][-][info][application] $_GET = []

$_POST = []

$_FILES = []

$_COOKIE = []

$_SERVER = [
    'USER' => 'www'
    'HOME' => '/home/www'
    'HTTP_CONTENT_LENGTH' => '13'
    'HTTP_CONTENT_TYPE' => 'application/json'
    'HTTP_ACCEPT' => '*/*'
    'HTTP_USER_AGENT' => 'curl/7.61.1'
    'HTTP_HOST' => 'www.lottery.com'
    'PATH_INFO' => ''
    'REDIRECT_STATUS' => '200'
    'SERVER_NAME' => 'lt.sm0898.com'
    'SERVER_PORT' => '80'
    'SERVER_ADDR' => '127.0.0.1'
    'REMOTE_PORT' => '53432'
    'REMOTE_ADDR' => '127.0.0.1'
    'SERVER_SOFTWARE' => 'nginx/1.18.0'
    'GATEWAY_INTERFACE' => 'CGI/1.1'
    'REQUEST_SCHEME' => 'http'
    'SERVER_PROTOCOL' => 'HTTP/1.1'
    'DOCUMENT_ROOT' => '/www/wwwroot/lottery_xl/backend/web'
    'DOCUMENT_URI' => '/index.php'
    'REQUEST_URI' => '/cron/index/bet-by-uid'
    'SCRIPT_NAME' => '/index.php'
    'CONTENT_LENGTH' => '13'
    'CONTENT_TYPE' => 'application/json'
    'REQUEST_METHOD' => 'POST'
    'QUERY_STRING' => ''
    'SCRIPT_FILENAME' => '/www/wwwroot/lottery_xl/backend/web/index.php'
    'FCGI_ROLE' => 'RESPONDER'
    'PHP_SELF' => '/index.php'
    'REQUEST_TIME_FLOAT' => 1614077941.6999
    'REQUEST_TIME' => 1614077941
]
2021-02-23 18:59:01 [127.0.0.1][-][-][error][yii\base\ErrorException:8192] yii\base\ErrorException: The behavior of unparenthesized expressions containing both '.' and '+'/'-' will change in PHP 8: '+'/'-' will take a higher precedence in /www/wwwroot/lottery_xl/backend/service/NineNine/NineNineNewService.php:1741
Stack trace:
#0 /www/wwwroot/lottery_xl/vendor/yiisoft/yii2/BaseYii.php(293): yii\base\ErrorHandler->handleError()
#1 /www/wwwroot/lottery_xl/vendor/yiisoft/yii2/BaseYii.php(293): include()
#2 [internal function]: yii\BaseYii::autoload()
#3 /www/wwwroot/lottery_xl/backend/service/BaseService.php(148): spl_autoload_call()
#4 /www/wwwroot/lottery_xl/backend/modules/cron/controllers/IndexController.php(370): backend\service\BaseService::synBalance()
#5 [internal function]: backend\modules\cron\controllers\IndexController->actionSynBalance()
#6 /www/wwwroot/lottery_xl/vendor/yiisoft/yii2/base/InlineAction.php(57): call_user_func_array()
#7 /www/wwwroot/lottery_xl/vendor/yiisoft/yii2/base/Controller.php(157): yii\base\InlineAction->runWithParams()
#8 /www/wwwroot/lottery_xl/vendor/yiisoft/yii2/base/Module.php(528): yii\base\Controller->runAction()
#9 /www/wwwroot/lottery_xl/vendor/yiisoft/yii2/web/Application.php(103): yii\base\Module->runAction()
#10 /www/wwwroot/lottery_xl/vendor/yiisoft/yii2/base/Application.php(387): yii\web\Application->handleRequest()
#11 /www/wwwroot/lottery_xl/backend/web/index.php(22): yii\base\Application->run()
#12 {main}
2021-02-23 18:59:01 [127.0.0.1][-][-][info][application] $_GET = []

$_POST = []

$_FILES = []

$_COOKIE = []

$_SERVER = [
    'USER' => 'www'
    'HOME' => '/home/www'
    'HTTP_ACCEPT' => '*/*'
    'HTTP_USER_AGENT' => 'curl/7.61.1'
    'HTTP_HOST' => 'www.lottery.com'
    'PATH_INFO' => ''
    'REDIRECT_STATUS' => '200'
    'SERVER_NAME' => 'lt.sm0898.com'
    'SERVER_PORT' => '80'
    'SERVER_ADDR' => '127.0.0.1'
    'REMOTE_PORT' => '53442'
    'REMOTE_ADDR' => '127.0.0.1'
    'SERVER_SOFTWARE' => 'nginx/1.18.0'
    'GATEWAY_INTERFACE' => 'CGI/1.1'
    'REQUEST_SCHEME' => 'http'
    'SERVER_PROTOCOL' => 'HTTP/1.1'
    'DOCUMENT_ROOT' => '/www/wwwroot/lottery_xl/backend/web'
    'DOCUMENT_URI' => '/index.php'
    'REQUEST_URI' => '/cron/index/syn-balance'
    'SCRIPT_NAME' => '/index.php'
    'CONTENT_LENGTH' => ''
    'CONTENT_TYPE' => ''
    'REQUEST_METHOD' => 'GET'
    'QUERY_STRING' => ''
    'SCRIPT_FILENAME' => '/www/wwwroot/lottery_xl/backend/web/index.php'
    'FCGI_ROLE' => 'RESPONDER'
    'PHP_SELF' => '/index.php'
    'REQUEST_TIME_FLOAT' => 1614077941.7602
    'REQUEST_TIME' => 1614077941
]
2021-02-23 18:59:01 [127.0.0.1][-][-][error][yii\base\ErrorException:8192] yii\base\ErrorException: Array and string offset access syntax with curly braces is deprecated in /www/wwwroot/lottery_xl/common/tools/Tool_Common.php:111
Stack trace:
#0 /www/wwwroot/lottery_xl/vendor/yiisoft/yii2/BaseYii.php(293): yii\base\ErrorHandler->handleError()
#1 /www/wwwroot/lottery_xl/vendor/yiisoft/yii2/BaseYii.php(293): include()
#2 [internal function]: yii\BaseYii::autoload()
#3 /www/wwwroot/lottery_xl/backend/service/BetService.php(1359): spl_autoload_call()
#4 /www/wwwroot/lottery_xl/backend/service/BaseService.php(62): backend\service\BetService::isLogin()
#5 /www/wwwroot/lottery_xl/backend/modules/cron/controllers/IndexController.php(383): backend\service\BaseService::login()
#6 [internal function]: backend\modules\cron\controllers\IndexController->actionAutoLogin()
#7 /www/wwwroot/lottery_xl/vendor/yiisoft/yii2/base/InlineAction.php(57): call_user_func_array()
#8 /www/wwwroot/lottery_xl/vendor/yiisoft/yii2/base/Controller.php(157): yii\base\InlineAction->runWithParams()
#9 /www/wwwroot/lottery_xl/vendor/yiisoft/yii2/base/Module.php(528): yii\base\Controller->runAction()
#10 /www/wwwroot/lottery_xl/vendor/yiisoft/yii2/web/Application.php(103): yii\base\Module->runAction()
#11 /www/wwwroot/lottery_xl/vendor/yiisoft/yii2/base/Application.php(387): yii\web\Application->handleRequest()
#12 /www/wwwroot/lottery_xl/backend/web/index.php(22): yii\base\Application->run()
#13 {main}
2021-02-23 18:59:01 [127.0.0.1][-][-][info][application] $_GET = []

$_POST = []

$_FILES = []

$_COOKIE = []

$_SERVER = [
    'USER' => 'www'
    'HOME' => '/home/www'
    'HTTP_ACCEPT' => '*/*'
    'HTTP_USER_AGENT' => 'curl/7.61.1'
    'HTTP_HOST' => 'www.lottery.com'
    'PATH_INFO' => ''
    'REDIRECT_STATUS' => '200'
    'SERVER_NAME' => 'lt.sm0898.com'
    'SERVER_PORT' => '80'
    'SERVER_ADDR' => '127.0.0.1'
    'REMOTE_PORT' => '53446'
    'REMOTE_ADDR' => '127.0.0.1'
    'SERVER_SOFTWARE' => 'nginx/1.18.0'
    'GATEWAY_INTERFACE' => 'CGI/1.1'
    'REQUEST_SCHEME' => 'http'
    'SERVER_PROTOCOL' => 'HTTP/1.1'
    'DOCUMENT_ROOT' => '/www/wwwroot/lottery_xl/backend/web'
    'DOCUMENT_URI' => '/index.php'
    'REQUEST_URI' => '/cron/index/auto-login'
    'SCRIPT_NAME' => '/index.php'
    'CONTENT_LENGTH' => ''
    'CONTENT_TYPE' => ''
    'REQUEST_METHOD' => 'GET'
    'QUERY_STRING' => ''
    'SCRIPT_FILENAME' => '/www/wwwroot/lottery_xl/backend/web/index.php'
    'FCGI_ROLE' => 'RESPONDER'
    'PHP_SELF' => '/index.php'
    'REQUEST_TIME_FLOAT' => 1614077941.8201
    'REQUEST_TIME' => 1614077941
]
2021-02-23 18:59:02 [127.0.0.1][-][-][error][yii\base\ErrorException:8192] yii\base\ErrorException: Array and string offset access syntax with curly braces is deprecated in /www/wwwroot/lottery_xl/common/tools/Tool_Common.php:111
Stack trace:
#0 /www/wwwroot/lottery_xl/vendor/yiisoft/yii2/BaseYii.php(293): yii\base\ErrorHandler->handleError()
#1 /www/wwwroot/lottery_xl/vendor/yiisoft/yii2/BaseYii.php(293): include()
#2 [internal function]: yii\BaseYii::autoload()
#3 /www/wwwroot/lottery_xl/common/kj/qxc/QxcTcw.php(194): spl_autoload_call()
#4 /www/wwwroot/lottery_xl/common/kj/qxc/QxcTcw.php(128): common\kj\qxc\QxcTcw::QixingCaiBatchDatas()
#5 /www/wwwroot/lottery_xl/common/kj/qxc/QxcTcw.php(91): common\kj\qxc\QxcTcw::QixingCaiBatch()
#6 /www/wwwroot/lottery_xl/backend/service/HN0898Service.php(1305): common\kj\qxc\QxcTcw::getTcwOne()
#7 /www/wwwroot/lottery_xl/backend/service/McKeyService.php(22): backend\service\HN0898Service::getCurrentQihao()
#8 /www/wwwroot/lottery_xl/backend/service/StaticService.php(2467): backend\service\McKeyService::buildStaticMKey()
#9 /www/wwwroot/lottery_xl/backend/service/StaticService.php(2244): backend\service\StaticService::isCanOpStatic()
#10 /www/wwwroot/lottery_xl/backend/modules/cron/controllers/IndexController.php(115): backend\service\StaticService::opAllStaticProfits()
#11 [internal function]: backend\modules\cron\controllers\IndexController->actionStaticSdProfits()
#12 /www/wwwroot/lottery_xl/vendor/yiisoft/yii2/base/InlineAction.php(57): call_user_func_array()
#13 /www/wwwroot/lottery_xl/vendor/yiisoft/yii2/base/Controller.php(157): yii\base\InlineAction->runWithParams()
#14 /www/wwwroot/lottery_xl/vendor/yiisoft/yii2/base/Module.php(528): yii\base\Controller->runAction()
#15 /www/wwwroot/lottery_xl/vendor/yiisoft/yii2/web/Application.php(103): yii\base\Module->runAction()
#16 /www/wwwroot/lottery_xl/vendor/yiisoft/yii2/base/Application.php(387): yii\web\Application->handleRequest()
#17 /www/wwwroot/lottery_xl/backend/web/index.php(22): yii\base\Application->run()
#18 {main}
2021-02-23 18:59:01 [127.0.0.1][-][-][info][application] $_GET = []

$_POST = []

$_FILES = []

$_COOKIE = []

$_SERVER = [
    'USER' => 'www'
    'HOME' => '/home/www'
    'HTTP_ACCEPT' => '*/*'
    'HTTP_USER_AGENT' => 'curl/7.61.1'
    'HTTP_HOST' => 'www.lottery.com'
    'PATH_INFO' => ''
    'REDIRECT_STATUS' => '200'
    'SERVER_NAME' => 'lt.sm0898.com'
    'SERVER_PORT' => '80'
    'SERVER_ADDR' => '127.0.0.1'
    'REMOTE_PORT' => '53408'
    'REMOTE_ADDR' => '127.0.0.1'
    'SERVER_SOFTWARE' => 'nginx/1.18.0'
    'GATEWAY_INTERFACE' => 'CGI/1.1'
    'REQUEST_SCHEME' => 'http'
    'SERVER_PROTOCOL' => 'HTTP/1.1'
    'DOCUMENT_ROOT' => '/www/wwwroot/lottery_xl/backend/web'
    'DOCUMENT_URI' => '/index.php'
    'REQUEST_URI' => '/cron/index/static-sd-profits'
    'SCRIPT_NAME' => '/index.php'
    'CONTENT_LENGTH' => ''
    'CONTENT_TYPE' => ''
    'REQUEST_METHOD' => 'GET'
    'QUERY_STRING' => ''
    'SCRIPT_FILENAME' => '/www/wwwroot/lottery_xl/backend/web/index.php'
    'FCGI_ROLE' => 'RESPONDER'
    'PHP_SELF' => '/index.php'
    'REQUEST_TIME_FLOAT' => 1614077941.4743
    'REQUEST_TIME' => 1614077941
]
2021-02-23 18:59:02 [127.0.0.1][-][-][error][yii\base\ErrorException:8192] yii\base\ErrorException: Array and string offset access syntax with curly braces is deprecated in /www/wwwroot/lottery_xl/common/tools/Tool_Common.php:111
Stack trace:
#0 /www/wwwroot/lottery_xl/vendor/yiisoft/yii2/BaseYii.php(293): yii\base\ErrorHandler->handleError()
#1 /www/wwwroot/lottery_xl/vendor/yiisoft/yii2/BaseYii.php(293): include()
#2 [internal function]: yii\BaseYii::autoload()
#3 /www/wwwroot/lottery_xl/common/kj/qxc/QxcTcw.php(194): spl_autoload_call()
#4 /www/wwwroot/lottery_xl/common/kj/qxc/QxcTcw.php(128): common\kj\qxc\QxcTcw::QixingCaiBatchDatas()
#5 /www/wwwroot/lottery_xl/common/kj/qxc/QxcTcw.php(91): common\kj\qxc\QxcTcw::QixingCaiBatch()
#6 /www/wwwroot/lottery_xl/backend/service/HN0898Service.php(1401): common\kj\qxc\QxcTcw::getTcwOne()
#7 /www/wwwroot/lottery_xl/backend/service/McKeyService.php(22): backend\service\HN0898Service::getCurrentQihao()
#8 /www/wwwroot/lottery_xl/backend/service/StaticService.php(2467): backend\service\McKeyService::buildStaticMKey()
#9 /www/wwwroot/lottery_xl/backend/service/StaticService.php(2283): backend\service\StaticService::isCanOpStatic()
#10 /www/wwwroot/lottery_xl/backend/modules/cron/controllers/IndexController.php(129): backend\service\StaticService::opAllCodeTypeYl()
#11 [internal function]: backend\modules\cron\controllers\IndexController->actionUpdateCodeTypeYl()
#12 /www/wwwroot/lottery_xl/vendor/yiisoft/yii2/base/InlineAction.php(57): call_user_func_array()
#13 /www/wwwroot/lottery_xl/vendor/yiisoft/yii2/base/Controller.php(157): yii\base\InlineAction->runWithParams()
#14 /www/wwwroot/lottery_xl/vendor/yiisoft/yii2/base/Module.php(528): yii\base\Controller->runAction()
#15 /www/wwwroot/lottery_xl/vendor/yiisoft/yii2/web/Application.php(103): yii\base\Module->runAction()
#16 /www/wwwroot/lottery_xl/vendor/yiisoft/yii2/base/Application.php(387): yii\web\Application->handleRequest()
#17 /www/wwwroot/lottery_xl/backend/web/index.php(22): yii\base\Application->run()
#18 {main}
2021-02-23 18:59:01 [127.0.0.1][-][-][info][application] $_GET = []

$_POST = []

$_FILES = []

$_COOKIE = []

$_SERVER = [
    'USER' => 'www'
    'HOME' => '/home/www'
    'HTTP_ACCEPT' => '*/*'
    'HTTP_USER_AGENT' => 'curl/7.61.1'
    'HTTP_HOST' => 'www.lottery.com'
    'PATH_INFO' => ''
    'REDIRECT_STATUS' => '200'
    'SERVER_NAME' => 'lt.sm0898.com'
    'SERVER_PORT' => '80'
    'SERVER_ADDR' => '127.0.0.1'
    'REMOTE_PORT' => '53416'
    'REMOTE_ADDR' => '127.0.0.1'
    'SERVER_SOFTWARE' => 'nginx/1.18.0'
    'GATEWAY_INTERFACE' => 'CGI/1.1'
    'REQUEST_SCHEME' => 'http'
    'SERVER_PROTOCOL' => 'HTTP/1.1'
    'DOCUMENT_ROOT' => '/www/wwwroot/lottery_xl/backend/web'
    'DOCUMENT_URI' => '/index.php'
    'REQUEST_URI' => '/cron/index/update-code-type-yl'
    'SCRIPT_NAME' => '/index.php'
    'CONTENT_LENGTH' => ''
    'CONTENT_TYPE' => ''
    'REQUEST_METHOD' => 'GET'
    'QUERY_STRING' => ''
    'SCRIPT_FILENAME' => '/www/wwwroot/lottery_xl/backend/web/index.php'
    'FCGI_ROLE' => 'RESPONDER'
    'PHP_SELF' => '/index.php'
    'REQUEST_TIME_FLOAT' => 1614077941.5068
    'REQUEST_TIME' => 1614077941
]
2021-02-23 19:00:01 [127.0.0.1][-][-][error][yii\base\ErrorException:8192] yii\base\ErrorException: The behavior of unparenthesized expressions containing both '.' and '+'/'-' will change in PHP 8: '+'/'-' will take a higher precedence in /www/wwwroot/lottery_xl/common/tools/KjDataGet.php:467
Stack trace:
#0 /www/wwwroot/lottery_xl/vendor/yiisoft/yii2/BaseYii.php(293): yii\base\ErrorHandler->handleError()
#1 /www/wwwroot/lottery_xl/vendor/yiisoft/yii2/BaseYii.php(293): include()
#2 [internal function]: yii\BaseYii::autoload()
#3 /www/wwwroot/lottery_xl/backend/modules/cron/controllers/IndexController.php(84): spl_autoload_call()
#4 [internal function]: backend\modules\cron\controllers\IndexController->actionGrabKjDataOne()
#5 /www/wwwroot/lottery_xl/vendor/yiisoft/yii2/base/InlineAction.php(57): call_user_func_array()
#6 /www/wwwroot/lottery_xl/vendor/yiisoft/yii2/base/Controller.php(157): yii\base\InlineAction->runWithParams()
#7 /www/wwwroot/lottery_xl/vendor/yiisoft/yii2/base/Module.php(528): yii\base\Controller->runAction()
#8 /www/wwwroot/lottery_xl/vendor/yiisoft/yii2/web/Application.php(103): yii\base\Module->runAction()
#9 /www/wwwroot/lottery_xl/vendor/yiisoft/yii2/base/Application.php(387): yii\web\Application->handleRequest()
#10 /www/wwwroot/lottery_xl/backend/web/index.php(22): yii\base\Application->run()
#11 {main}
2021-02-23 19:00:01 [127.0.0.1][-][-][info][application] $_GET = []

$_POST = []

$_FILES = []

$_COOKIE = []

$_SERVER = [
    'USER' => 'www'
    'HOME' => '/home/www'
    'HTTP_CONTENT_LENGTH' => '25'
    'HTTP_CONTENT_TYPE' => 'application/json'
    'HTTP_ACCEPT' => '*/*'
    'HTTP_USER_AGENT' => 'curl/7.61.1'
    'HTTP_HOST' => 'www.lottery.com'
    'PATH_INFO' => ''
    'REDIRECT_STATUS' => '200'
    'SERVER_NAME' => 'lt.sm0898.com'
    'SERVER_PORT' => '80'
    'SERVER_ADDR' => '127.0.0.1'
    'REMOTE_PORT' => '53492'
    'REMOTE_ADDR' => '127.0.0.1'
    'SERVER_SOFTWARE' => 'nginx/1.18.0'
    'GATEWAY_INTERFACE' => 'CGI/1.1'
    'REQUEST_SCHEME' => 'http'
    'SERVER_PROTOCOL' => 'HTTP/1.1'
    'DOCUMENT_ROOT' => '/www/wwwroot/lottery_xl/backend/web'
    'DOCUMENT_URI' => '/index.php'
    'REQUEST_URI' => '/cron/index/grab-kj-data-one'
    'SCRIPT_NAME' => '/index.php'
    'CONTENT_LENGTH' => '25'
    'CONTENT_TYPE' => 'application/json'
    'REQUEST_METHOD' => 'POST'
    'QUERY_STRING' => ''
    'SCRIPT_FILENAME' => '/www/wwwroot/lottery_xl/backend/web/index.php'
    'FCGI_ROLE' => 'RESPONDER'
    'PHP_SELF' => '/index.php'
    'REQUEST_TIME_FLOAT' => 1614078001.477
    'REQUEST_TIME' => 1614078001
]
2021-02-23 19:00:01 [127.0.0.1][-][-][error][yii\base\ErrorException:8192] yii\base\ErrorException: Array and string offset access syntax with curly braces is deprecated in /www/wwwroot/lottery_xl/common/tools/Tool_Common.php:111
Stack trace:
#0 /www/wwwroot/lottery_xl/vendor/yiisoft/yii2/BaseYii.php(293): yii\base\ErrorHandler->handleError()
#1 /www/wwwroot/lottery_xl/vendor/yiisoft/yii2/BaseYii.php(293): include()
#2 [internal function]: yii\BaseYii::autoload()
#3 /www/wwwroot/lottery_xl/backend/service/BetService.php(489): spl_autoload_call()
#4 /www/wwwroot/lottery_xl/backend/service/BetService.php(339): backend\service\BetService::isCanBet()
#5 /www/wwwroot/lottery_xl/backend/service/BetService.php(221): backend\service\BetService::betByUidNew()
#6 /www/wwwroot/lottery_xl/backend/modules/cron/controllers/IndexController.php(246): backend\service\BetService::lotteryBet()
#7 [internal function]: backend\modules\cron\controllers\IndexController::actionBetByUid()
#8 /www/wwwroot/lottery_xl/vendor/yiisoft/yii2/base/InlineAction.php(57): call_user_func_array()
#9 /www/wwwroot/lottery_xl/vendor/yiisoft/yii2/base/Controller.php(157): yii\base\InlineAction->runWithParams()
#10 /www/wwwroot/lottery_xl/vendor/yiisoft/yii2/base/Module.php(528): yii\base\Controller->runAction()
#11 /www/wwwroot/lottery_xl/vendor/yiisoft/yii2/web/Application.php(103): yii\base\Module->runAction()
#12 /www/wwwroot/lottery_xl/vendor/yiisoft/yii2/base/Application.php(387): yii\web\Application->handleRequest()
#13 /www/wwwroot/lottery_xl/backend/web/index.php(22): yii\base\Application->run()
#14 {main}
2021-02-23 19:00:01 [127.0.0.1][-][-][info][application] $_GET = []

$_POST = []

$_FILES = []

$_COOKIE = []

$_SERVER = [
    'USER' => 'www'
    'HOME' => '/home/www'
    'HTTP_CONTENT_LENGTH' => '13'
    'HTTP_CONTENT_TYPE' => 'application/json'
    'HTTP_ACCEPT' => '*/*'
    'HTTP_USER_AGENT' => 'curl/7.61.1'
    'HTTP_HOST' => 'www.lottery.com'
    'PATH_INFO' => ''
    'REDIRECT_STATUS' => '200'
    'SERVER_NAME' => 'lt.sm0898.com'
    'SERVER_PORT' => '80'
    'SERVER_ADDR' => '127.0.0.1'
    'REMOTE_PORT' => '53508'
    'REMOTE_ADDR' => '127.0.0.1'
    'SERVER_SOFTWARE' => 'nginx/1.18.0'
    'GATEWAY_INTERFACE' => 'CGI/1.1'
    'REQUEST_SCHEME' => 'http'
    'SERVER_PROTOCOL' => 'HTTP/1.1'
    'DOCUMENT_ROOT' => '/www/wwwroot/lottery_xl/backend/web'
    'DOCUMENT_URI' => '/index.php'
    'REQUEST_URI' => '/cron/index/bet-by-uid'
    'SCRIPT_NAME' => '/index.php'
    'CONTENT_LENGTH' => '13'
    'CONTENT_TYPE' => 'application/json'
    'REQUEST_METHOD' => 'POST'
    'QUERY_STRING' => ''
    'SCRIPT_FILENAME' => '/www/wwwroot/lottery_xl/backend/web/index.php'
    'FCGI_ROLE' => 'RESPONDER'
    'PHP_SELF' => '/index.php'
    'REQUEST_TIME_FLOAT' => 1614078001.6396
    'REQUEST_TIME' => 1614078001
]
2021-02-23 19:00:01 [127.0.0.1][-][-][error][yii\base\ErrorException:8192] yii\base\ErrorException: The behavior of unparenthesized expressions containing both '.' and '+'/'-' will change in PHP 8: '+'/'-' will take a higher precedence in /www/wwwroot/lottery_xl/common/tools/KjDataGet.php:467
Stack trace:
#0 /www/wwwroot/lottery_xl/vendor/yiisoft/yii2/BaseYii.php(293): yii\base\ErrorHandler->handleError()
#1 /www/wwwroot/lottery_xl/vendor/yiisoft/yii2/BaseYii.php(293): include()
#2 [internal function]: yii\BaseYii::autoload()
#3 /www/wwwroot/lottery_xl/backend/modules/cron/controllers/IndexController.php(170): spl_autoload_call()
#4 [internal function]: backend\modules\cron\controllers\IndexController->actionUpdateNullCodes()
#5 /www/wwwroot/lottery_xl/vendor/yiisoft/yii2/base/InlineAction.php(57): call_user_func_array()
#6 /www/wwwroot/lottery_xl/vendor/yiisoft/yii2/base/Controller.php(157): yii\base\InlineAction->runWithParams()
#7 /www/wwwroot/lottery_xl/vendor/yiisoft/yii2/base/Module.php(528): yii\base\Controller->runAction()
#8 /www/wwwroot/lottery_xl/vendor/yiisoft/yii2/web/Application.php(103): yii\base\Module->runAction()
#9 /www/wwwroot/lottery_xl/vendor/yiisoft/yii2/base/Application.php(387): yii\web\Application->handleRequest()
#10 /www/wwwroot/lottery_xl/backend/web/index.php(22): yii\base\Application->run()
#11 {main}
2021-02-23 19:00:01 [127.0.0.1][-][-][info][application] $_GET = []

$_POST = []

$_FILES = []

$_COOKIE = []

$_SERVER = [
    'USER' => 'www'
    'HOME' => '/home/www'
    'HTTP_ACCEPT' => '*/*'
    'HTTP_USER_AGENT' => 'curl/7.61.1'
    'HTTP_HOST' => 'www.lottery.com'
    'PATH_INFO' => ''
    'REDIRECT_STATUS' => '200'
    'SERVER_NAME' => 'lt.sm0898.com'
    'SERVER_PORT' => '80'
    'SERVER_ADDR' => '127.0.0.1'
    'REMOTE_PORT' => '53516'
    'REMOTE_ADDR' => '127.0.0.1'
    'SERVER_SOFTWARE' => 'nginx/1.18.0'
    'GATEWAY_INTERFACE' => 'CGI/1.1'
    'REQUEST_SCHEME' => 'http'
    'SERVER_PROTOCOL' => 'HTTP/1.1'
    'DOCUMENT_ROOT' => '/www/wwwroot/lottery_xl/backend/web'
    'DOCUMENT_URI' => '/index.php'
    'REQUEST_URI' => '/cron/index/update-null-codes'
    'SCRIPT_NAME' => '/index.php'
    'CONTENT_LENGTH' => ''
    'CONTENT_TYPE' => ''
    'REQUEST_METHOD' => 'GET'
    'QUERY_STRING' => ''
    'SCRIPT_FILENAME' => '/www/wwwroot/lottery_xl/backend/web/index.php'
    'FCGI_ROLE' => 'RESPONDER'
    'PHP_SELF' => '/index.php'
    'REQUEST_TIME_FLOAT' => 1614078001.8019
    'REQUEST_TIME' => 1614078001
]
2021-02-23 19:00:01 [127.0.0.1][-][-][error][yii\base\ErrorException:8192] yii\base\ErrorException: Array and string offset access syntax with curly braces is deprecated in /www/wwwroot/lottery_xl/common/tools/Tool_Common.php:111
Stack trace:
#0 /www/wwwroot/lottery_xl/vendor/yiisoft/yii2/BaseYii.php(293): yii\base\ErrorHandler->handleError()
#1 /www/wwwroot/lottery_xl/vendor/yiisoft/yii2/BaseYii.php(293): include()
#2 [internal function]: yii\BaseYii::autoload()
#3 /www/wwwroot/lottery_xl/backend/service/BetService.php(489): spl_autoload_call()
#4 /www/wwwroot/lottery_xl/backend/service/BetService.php(339): backend\service\BetService::isCanBet()
#5 /www/wwwroot/lottery_xl/backend/service/BetService.php(221): backend\service\BetService::betByUidNew()
#6 /www/wwwroot/lottery_xl/backend/modules/cron/controllers/IndexController.php(246): backend\service\BetService::lotteryBet()
#7 [internal function]: backend\modules\cron\controllers\IndexController::actionBetByUid()
#8 /www/wwwroot/lottery_xl/vendor/yiisoft/yii2/base/InlineAction.php(57): call_user_func_array()
#9 /www/wwwroot/lottery_xl/vendor/yiisoft/yii2/base/Controller.php(157): yii\base\InlineAction->runWithParams()
#10 /www/wwwroot/lottery_xl/vendor/yiisoft/yii2/base/Module.php(528): yii\base\Controller->runAction()
#11 /www/wwwroot/lottery_xl/vendor/yiisoft/yii2/web/Application.php(103): yii\base\Module->runAction()
#12 /www/wwwroot/lottery_xl/vendor/yiisoft/yii2/base/Application.php(387): yii\web\Application->handleRequest()
#13 /www/wwwroot/lottery_xl/backend/web/index.php(22): yii\base\Application->run()
#14 {main}
2021-02-23 19:00:01 [127.0.0.1][-][-][info][application] $_GET = []

$_POST = []

$_FILES = []

$_COOKIE = []

$_SERVER = [
    'USER' => 'www'
    'HOME' => '/home/www'
    'HTTP_CONTENT_LENGTH' => '13'
    'HTTP_CONTENT_TYPE' => 'application/json'
    'HTTP_ACCEPT' => '*/*'
    'HTTP_USER_AGENT' => 'curl/7.61.1'
    'HTTP_HOST' => 'www.lottery.com'
    'PATH_INFO' => ''
    'REDIRECT_STATUS' => '200'
    'SERVER_NAME' => 'lt.sm0898.com'
    'SERVER_PORT' => '80'
    'SERVER_ADDR' => '127.0.0.1'
    'REMOTE_PORT' => '53512'
    'REMOTE_ADDR' => '127.0.0.1'
    'SERVER_SOFTWARE' => 'nginx/1.18.0'
    'GATEWAY_INTERFACE' => 'CGI/1.1'
    'REQUEST_SCHEME' => 'http'
    'SERVER_PROTOCOL' => 'HTTP/1.1'
    'DOCUMENT_ROOT' => '/www/wwwroot/lottery_xl/backend/web'
    'DOCUMENT_URI' => '/index.php'
    'REQUEST_URI' => '/cron/index/bet-by-uid'
    'SCRIPT_NAME' => '/index.php'
    'CONTENT_LENGTH' => '13'
    'CONTENT_TYPE' => 'application/json'
    'REQUEST_METHOD' => 'POST'
    'QUERY_STRING' => ''
    'SCRIPT_FILENAME' => '/www/wwwroot/lottery_xl/backend/web/index.php'
    'FCGI_ROLE' => 'RESPONDER'
    'PHP_SELF' => '/index.php'
    'REQUEST_TIME_FLOAT' => 1614078001.7628
    'REQUEST_TIME' => 1614078001
]
2021-02-23 19:00:01 [127.0.0.1][-][-][error][yii\base\ErrorException:8192] yii\base\ErrorException: The behavior of unparenthesized expressions containing both '.' and '+'/'-' will change in PHP 8: '+'/'-' will take a higher precedence in /www/wwwroot/lottery_xl/common/tools/KjDataGet.php:467
Stack trace:
#0 /www/wwwroot/lottery_xl/vendor/yiisoft/yii2/BaseYii.php(293): yii\base\ErrorHandler->handleError()
#1 /www/wwwroot/lottery_xl/vendor/yiisoft/yii2/BaseYii.php(293): include()
#2 [internal function]: yii\BaseYii::autoload()
#3 /www/wwwroot/lottery_xl/backend/modules/cron/controllers/IndexController.php(84): spl_autoload_call()
#4 [internal function]: backend\modules\cron\controllers\IndexController->actionGrabKjDataOne()
#5 /www/wwwroot/lottery_xl/vendor/yiisoft/yii2/base/InlineAction.php(57): call_user_func_array()
#6 /www/wwwroot/lottery_xl/vendor/yiisoft/yii2/base/Controller.php(157): yii\base\InlineAction->runWithParams()
#7 /www/wwwroot/lottery_xl/vendor/yiisoft/yii2/base/Module.php(528): yii\base\Controller->runAction()
#8 /www/wwwroot/lottery_xl/vendor/yiisoft/yii2/web/Application.php(103): yii\base\Module->runAction()
#9 /www/wwwroot/lottery_xl/vendor/yiisoft/yii2/base/Application.php(387): yii\web\Application->handleRequest()
#10 /www/wwwroot/lottery_xl/backend/web/index.php(22): yii\base\Application->run()
#11 {main}
2021-02-23 19:00:01 [127.0.0.1][-][-][info][application] $_GET = []

$_POST = []

$_FILES = []

$_COOKIE = []

$_SERVER = [
    'USER' => 'www'
    'HOME' => '/home/www'
    'HTTP_CONTENT_LENGTH' => '24'
    'HTTP_CONTENT_TYPE' => 'application/json'
    'HTTP_ACCEPT' => '*/*'
    'HTTP_USER_AGENT' => 'curl/7.61.1'
    'HTTP_HOST' => 'www.lottery.com'
    'PATH_INFO' => ''
    'REDIRECT_STATUS' => '200'
    'SERVER_NAME' => 'lt.sm0898.com'
    'SERVER_PORT' => '80'
    'SERVER_ADDR' => '127.0.0.1'
    'REMOTE_PORT' => '53518'
    'REMOTE_ADDR' => '127.0.0.1'
    'SERVER_SOFTWARE' => 'nginx/1.18.0'
    'GATEWAY_INTERFACE' => 'CGI/1.1'
    'REQUEST_SCHEME' => 'http'
    'SERVER_PROTOCOL' => 'HTTP/1.1'
    'DOCUMENT_ROOT' => '/www/wwwroot/lottery_xl/backend/web'
    'DOCUMENT_URI' => '/index.php'
    'REQUEST_URI' => '/cron/index/grab-kj-data-one'
    'SCRIPT_NAME' => '/index.php'
    'CONTENT_LENGTH' => '24'
    'CONTENT_TYPE' => 'application/json'
    'REQUEST_METHOD' => 'POST'
    'QUERY_STRING' => ''
    'SCRIPT_FILENAME' => '/www/wwwroot/lottery_xl/backend/web/index.php'
    'FCGI_ROLE' => 'RESPONDER'
    'PHP_SELF' => '/index.php'
    'REQUEST_TIME_FLOAT' => 1614078001.8236
    'REQUEST_TIME' => 1614078001
]
2021-02-23 19:00:01 [127.0.0.1][-][-][error][yii\base\ErrorException:8192] yii\base\ErrorException: The behavior of unparenthesized expressions containing both '.' and '+'/'-' will change in PHP 8: '+'/'-' will take a higher precedence in /www/wwwroot/lottery_xl/backend/service/NineNine/NineNineNewService.php:1741
Stack trace:
#0 /www/wwwroot/lottery_xl/vendor/yiisoft/yii2/BaseYii.php(293): yii\base\ErrorHandler->handleError()
#1 /www/wwwroot/lottery_xl/vendor/yiisoft/yii2/BaseYii.php(293): include()
#2 [internal function]: yii\BaseYii::autoload()
#3 /www/wwwroot/lottery_xl/backend/service/BaseService.php(148): spl_autoload_call()
#4 /www/wwwroot/lottery_xl/backend/modules/cron/controllers/IndexController.php(370): backend\service\BaseService::synBalance()
#5 [internal function]: backend\modules\cron\controllers\IndexController->actionSynBalance()
#6 /www/wwwroot/lottery_xl/vendor/yiisoft/yii2/base/InlineAction.php(57): call_user_func_array()
#7 /www/wwwroot/lottery_xl/vendor/yiisoft/yii2/base/Controller.php(157): yii\base\InlineAction->runWithParams()
#8 /www/wwwroot/lottery_xl/vendor/yiisoft/yii2/base/Module.php(528): yii\base\Controller->runAction()
#9 /www/wwwroot/lottery_xl/vendor/yiisoft/yii2/web/Application.php(103): yii\base\Module->runAction()
#10 /www/wwwroot/lottery_xl/vendor/yiisoft/yii2/base/Application.php(387): yii\web\Application->handleRequest()
#11 /www/wwwroot/lottery_xl/backend/web/index.php(22): yii\base\Application->run()
#12 {main}
2021-02-23 19:00:01 [127.0.0.1][-][-][info][application] $_GET = []

$_POST = []

$_FILES = []

$_COOKIE = []

$_SERVER = [
    'USER' => 'www'
    'HOME' => '/home/www'
    'HTTP_ACCEPT' => '*/*'
    'HTTP_USER_AGENT' => 'curl/7.61.1'
    'HTTP_HOST' => 'www.lottery.com'
    'PATH_INFO' => ''
    'REDIRECT_STATUS' => '200'
    'SERVER_NAME' => 'lt.sm0898.com'
    'SERVER_PORT' => '80'
    'SERVER_ADDR' => '127.0.0.1'
    'REMOTE_PORT' => '53528'
    'REMOTE_ADDR' => '127.0.0.1'
    'SERVER_SOFTWARE' => 'nginx/1.18.0'
    'GATEWAY_INTERFACE' => 'CGI/1.1'
    'REQUEST_SCHEME' => 'http'
    'SERVER_PROTOCOL' => 'HTTP/1.1'
    'DOCUMENT_ROOT' => '/www/wwwroot/lottery_xl/backend/web'
    'DOCUMENT_URI' => '/index.php'
    'REQUEST_URI' => '/cron/index/syn-balance'
    'SCRIPT_NAME' => '/index.php'
    'CONTENT_LENGTH' => ''
    'CONTENT_TYPE' => ''
    'REQUEST_METHOD' => 'GET'
    'QUERY_STRING' => ''
    'SCRIPT_FILENAME' => '/www/wwwroot/lottery_xl/backend/web/index.php'
    'FCGI_ROLE' => 'RESPONDER'
    'PHP_SELF' => '/index.php'
    'REQUEST_TIME_FLOAT' => 1614078001.8813
    'REQUEST_TIME' => 1614078001
]
2021-02-23 19:00:02 [127.0.0.1][-][-][error][yii\base\ErrorException:8192] yii\base\ErrorException: Array and string offset access syntax with curly braces is deprecated in /www/wwwroot/lottery_xl/common/tools/Tool_Common.php:111
Stack trace:
#0 /www/wwwroot/lottery_xl/vendor/yiisoft/yii2/BaseYii.php(293): yii\base\ErrorHandler->handleError()
#1 /www/wwwroot/lottery_xl/vendor/yiisoft/yii2/BaseYii.php(293): include()
#2 [internal function]: yii\BaseYii::autoload()
#3 /www/wwwroot/lottery_xl/backend/service/BetService.php(1359): spl_autoload_call()
#4 /www/wwwroot/lottery_xl/backend/service/BaseService.php(62): backend\service\BetService::isLogin()
#5 /www/wwwroot/lottery_xl/backend/modules/cron/controllers/IndexController.php(383): backend\service\BaseService::login()
#6 [internal function]: backend\modules\cron\controllers\IndexController->actionAutoLogin()
#7 /www/wwwroot/lottery_xl/vendor/yiisoft/yii2/base/InlineAction.php(57): call_user_func_array()
#8 /www/wwwroot/lottery_xl/vendor/yiisoft/yii2/base/Controller.php(157): yii\base\InlineAction->runWithParams()
#9 /www/wwwroot/lottery_xl/vendor/yiisoft/yii2/base/Module.php(528): yii\base\Controller->runAction()
#10 /www/wwwroot/lottery_xl/vendor/yiisoft/yii2/web/Application.php(103): yii\base\Module->runAction()
#11 /www/wwwroot/lottery_xl/vendor/yiisoft/yii2/base/Application.php(387): yii\web\Application->handleRequest()
#12 /www/wwwroot/lottery_xl/backend/web/index.php(22): yii\base\Application->run()
#13 {main}
2021-02-23 19:00:01 [127.0.0.1][-][-][info][application] $_GET = []

$_POST = []

$_FILES = []

$_COOKIE = []

$_SERVER = [
    'USER' => 'www'
    'HOME' => '/home/www'
    'HTTP_ACCEPT' => '*/*'
    'HTTP_USER_AGENT' => 'curl/7.61.1'
    'HTTP_HOST' => 'www.lottery.com'
    'PATH_INFO' => ''
    'REDIRECT_STATUS' => '200'
    'SERVER_NAME' => 'lt.sm0898.com'
    'SERVER_PORT' => '80'
    'SERVER_ADDR' => '127.0.0.1'
    'REMOTE_PORT' => '53532'
    'REMOTE_ADDR' => '127.0.0.1'
    'SERVER_SOFTWARE' => 'nginx/1.18.0'
    'GATEWAY_INTERFACE' => 'CGI/1.1'
    'REQUEST_SCHEME' => 'http'
    'SERVER_PROTOCOL' => 'HTTP/1.1'
    'DOCUMENT_ROOT' => '/www/wwwroot/lottery_xl/backend/web'
    'DOCUMENT_URI' => '/index.php'
    'REQUEST_URI' => '/cron/index/auto-login'
    'SCRIPT_NAME' => '/index.php'
    'CONTENT_LENGTH' => ''
    'CONTENT_TYPE' => ''
    'REQUEST_METHOD' => 'GET'
    'QUERY_STRING' => ''
    'SCRIPT_FILENAME' => '/www/wwwroot/lottery_xl/backend/web/index.php'
    'FCGI_ROLE' => 'RESPONDER'
    'PHP_SELF' => '/index.php'
    'REQUEST_TIME_FLOAT' => 1614078001.901
    'REQUEST_TIME' => 1614078001
]
2021-02-23 19:00:02 [127.0.0.1][-][-][error][yii\base\ErrorException:8192] yii\base\ErrorException: The behavior of unparenthesized expressions containing both '.' and '+'/'-' will change in PHP 8: '+'/'-' will take a higher precedence in /www/wwwroot/lottery_xl/common/tools/KjDataGet.php:467
Stack trace:
#0 /www/wwwroot/lottery_xl/vendor/yiisoft/yii2/BaseYii.php(293): yii\base\ErrorHandler->handleError()
#1 /www/wwwroot/lottery_xl/vendor/yiisoft/yii2/BaseYii.php(293): include()
#2 [internal function]: yii\BaseYii::autoload()
#3 /www/wwwroot/lottery_xl/backend/modules/cron/controllers/IndexController.php(84): spl_autoload_call()
#4 [internal function]: backend\modules\cron\controllers\IndexController->actionGrabKjDataOne()
#5 /www/wwwroot/lottery_xl/vendor/yiisoft/yii2/base/InlineAction.php(57): call_user_func_array()
#6 /www/wwwroot/lottery_xl/vendor/yiisoft/yii2/base/Controller.php(157): yii\base\InlineAction->runWithParams()
#7 /www/wwwroot/lottery_xl/vendor/yiisoft/yii2/base/Module.php(528): yii\base\Controller->runAction()
#8 /www/wwwroot/lottery_xl/vendor/yiisoft/yii2/web/Application.php(103): yii\base\Module->runAction()
#9 /www/wwwroot/lottery_xl/vendor/yiisoft/yii2/base/Application.php(387): yii\web\Application->handleRequest()
#10 /www/wwwroot/lottery_xl/backend/web/index.php(22): yii\base\Application->run()
#11 {main}
2021-02-23 19:00:01 [127.0.0.1][-][-][info][application] $_GET = []

$_POST = []

$_FILES = []

$_COOKIE = []

$_SERVER = [
    'USER' => 'www'
    'HOME' => '/home/www'
    'HTTP_CONTENT_LENGTH' => '24'
    'HTTP_CONTENT_TYPE' => 'application/json'
    'HTTP_ACCEPT' => '*/*'
    'HTTP_USER_AGENT' => 'curl/7.61.1'
    'HTTP_HOST' => 'www.lottery.com'
    'PATH_INFO' => ''
    'REDIRECT_STATUS' => '200'
    'SERVER_NAME' => 'lt.sm0898.com'
    'SERVER_PORT' => '80'
    'SERVER_ADDR' => '127.0.0.1'
    'REMOTE_PORT' => '53548'
    'REMOTE_ADDR' => '127.0.0.1'
    'SERVER_SOFTWARE' => 'nginx/1.18.0'
    'GATEWAY_INTERFACE' => 'CGI/1.1'
    'REQUEST_SCHEME' => 'http'
    'SERVER_PROTOCOL' => 'HTTP/1.1'
    'DOCUMENT_ROOT' => '/www/wwwroot/lottery_xl/backend/web'
    'DOCUMENT_URI' => '/index.php'
    'REQUEST_URI' => '/cron/index/grab-kj-data-one'
    'SCRIPT_NAME' => '/index.php'
    'CONTENT_LENGTH' => '24'
    'CONTENT_TYPE' => 'application/json'
    'REQUEST_METHOD' => 'POST'
    'QUERY_STRING' => ''
    'SCRIPT_FILENAME' => '/www/wwwroot/lottery_xl/backend/web/index.php'
    'FCGI_ROLE' => 'RESPONDER'
    'PHP_SELF' => '/index.php'
    'REQUEST_TIME_FLOAT' => 1614078001.9461
    'REQUEST_TIME' => 1614078001
]
2021-02-23 19:00:02 [127.0.0.1][-][-][error][yii\base\ErrorException:8192] yii\base\ErrorException: Array and string offset access syntax with curly braces is deprecated in /www/wwwroot/lottery_xl/common/tools/Tool_Common.php:111
Stack trace:
#0 /www/wwwroot/lottery_xl/vendor/yiisoft/yii2/BaseYii.php(293): yii\base\ErrorHandler->handleError()
#1 /www/wwwroot/lottery_xl/vendor/yiisoft/yii2/BaseYii.php(293): include()
#2 [internal function]: yii\BaseYii::autoload()
#3 /www/wwwroot/lottery_xl/common/kj/qxc/QxcTcw.php(194): spl_autoload_call()
#4 /www/wwwroot/lottery_xl/common/kj/qxc/QxcTcw.php(128): common\kj\qxc\QxcTcw::QixingCaiBatchDatas()
#5 /www/wwwroot/lottery_xl/common/kj/qxc/QxcTcw.php(91): common\kj\qxc\QxcTcw::QixingCaiBatch()
#6 /www/wwwroot/lottery_xl/backend/service/HN0898Service.php(1305): common\kj\qxc\QxcTcw::getTcwOne()
#7 /www/wwwroot/lottery_xl/backend/service/McKeyService.php(22): backend\service\HN0898Service::getCurrentQihao()
#8 /www/wwwroot/lottery_xl/backend/service/StaticService.php(2467): backend\service\McKeyService::buildStaticMKey()
#9 /www/wwwroot/lottery_xl/backend/service/StaticService.php(2283): backend\service\StaticService::isCanOpStatic()
#10 /www/wwwroot/lottery_xl/backend/modules/cron/controllers/IndexController.php(129): backend\service\StaticService::opAllCodeTypeYl()
#11 [internal function]: backend\modules\cron\controllers\IndexController->actionUpdateCodeTypeYl()
#12 /www/wwwroot/lottery_xl/vendor/yiisoft/yii2/base/InlineAction.php(57): call_user_func_array()
#13 /www/wwwroot/lottery_xl/vendor/yiisoft/yii2/base/Controller.php(157): yii\base\InlineAction->runWithParams()
#14 /www/wwwroot/lottery_xl/vendor/yiisoft/yii2/base/Module.php(528): yii\base\Controller->runAction()
#15 /www/wwwroot/lottery_xl/vendor/yiisoft/yii2/web/Application.php(103): yii\base\Module->runAction()
#16 /www/wwwroot/lottery_xl/vendor/yiisoft/yii2/base/Application.php(387): yii\web\Application->handleRequest()
#17 /www/wwwroot/lottery_xl/backend/web/index.php(22): yii\base\Application->run()
#18 {main}
2021-02-23 19:00:01 [127.0.0.1][-][-][info][application] $_GET = []

$_POST = []

$_FILES = []

$_COOKIE = []

$_SERVER = [
    'USER' => 'www'
    'HOME' => '/home/www'
    'HTTP_ACCEPT' => '*/*'
    'HTTP_USER_AGENT' => 'curl/7.61.1'
    'HTTP_HOST' => 'www.lottery.com'
    'PATH_INFO' => ''
    'REDIRECT_STATUS' => '200'
    'SERVER_NAME' => 'lt.sm0898.com'
    'SERVER_PORT' => '80'
    'SERVER_ADDR' => '127.0.0.1'
    'REMOTE_PORT' => '53494'
    'REMOTE_ADDR' => '127.0.0.1'
    'SERVER_SOFTWARE' => 'nginx/1.18.0'
    'GATEWAY_INTERFACE' => 'CGI/1.1'
    'REQUEST_SCHEME' => 'http'
    'SERVER_PROTOCOL' => 'HTTP/1.1'
    'DOCUMENT_ROOT' => '/www/wwwroot/lottery_xl/backend/web'
    'DOCUMENT_URI' => '/index.php'
    'REQUEST_URI' => '/cron/index/update-code-type-yl'
    'SCRIPT_NAME' => '/index.php'
    'CONTENT_LENGTH' => ''
    'CONTENT_TYPE' => ''
    'REQUEST_METHOD' => 'GET'
    'QUERY_STRING' => ''
    'SCRIPT_FILENAME' => '/www/wwwroot/lottery_xl/backend/web/index.php'
    'FCGI_ROLE' => 'RESPONDER'
    'PHP_SELF' => '/index.php'
    'REQUEST_TIME_FLOAT' => 1614078001.5782
    'REQUEST_TIME' => 1614078001
]
2021-02-23 19:00:02 [127.0.0.1][-][-][error][yii\base\ErrorException:8192] yii\base\ErrorException: Array and string offset access syntax with curly braces is deprecated in /www/wwwroot/lottery_xl/common/tools/Tool_Common.php:111
Stack trace:
#0 /www/wwwroot/lottery_xl/vendor/yiisoft/yii2/BaseYii.php(293): yii\base\ErrorHandler->handleError()
#1 /www/wwwroot/lottery_xl/vendor/yiisoft/yii2/BaseYii.php(293): include()
#2 [internal function]: yii\BaseYii::autoload()
#3 /www/wwwroot/lottery_xl/backend/service/SscDataService.php(3017): spl_autoload_call()
#4 /www/wwwroot/lottery_xl/backend/modules/cron/controllers/IndexController.php(430): backend\service\SscDataService::staticPerShuTrueFalse()
#5 [internal function]: backend\modules\cron\controllers\IndexController->actionSetPeiShuTrueFalse()
#6 /www/wwwroot/lottery_xl/vendor/yiisoft/yii2/base/InlineAction.php(57): call_user_func_array()
#7 /www/wwwroot/lottery_xl/vendor/yiisoft/yii2/base/Controller.php(157): yii\base\InlineAction->runWithParams()
#8 /www/wwwroot/lottery_xl/vendor/yiisoft/yii2/base/Module.php(528): yii\base\Controller->runAction()
#9 /www/wwwroot/lottery_xl/vendor/yiisoft/yii2/web/Application.php(103): yii\base\Module->runAction()
#10 /www/wwwroot/lottery_xl/vendor/yiisoft/yii2/base/Application.php(387): yii\web\Application->handleRequest()
#11 /www/wwwroot/lottery_xl/backend/web/index.php(22): yii\base\Application->run()
#12 {main}
2021-02-23 19:00:01 [127.0.0.1][-][-][info][application] $_GET = []

$_POST = []

$_FILES = []

$_COOKIE = []

$_SERVER = [
    'USER' => 'www'
    'HOME' => '/home/www'
    'HTTP_CONTENT_LENGTH' => '24'
    'HTTP_CONTENT_TYPE' => 'application/json'
    'HTTP_ACCEPT' => '*/*'
    'HTTP_USER_AGENT' => 'curl/7.61.1'
    'HTTP_HOST' => 'www.lottery.com'
    'PATH_INFO' => ''
    'REDIRECT_STATUS' => '200'
    'SERVER_NAME' => 'lt.sm0898.com'
    'SERVER_PORT' => '80'
    'SERVER_ADDR' => '127.0.0.1'
    'REMOTE_PORT' => '53542'
    'REMOTE_ADDR' => '127.0.0.1'
    'SERVER_SOFTWARE' => 'nginx/1.18.0'
    'GATEWAY_INTERFACE' => 'CGI/1.1'
    'REQUEST_SCHEME' => 'http'
    'SERVER_PROTOCOL' => 'HTTP/1.1'
    'DOCUMENT_ROOT' => '/www/wwwroot/lottery_xl/backend/web'
    'DOCUMENT_URI' => '/index.php'
    'REQUEST_URI' => '/cron/index/set-pei-shu-true-false'
    'SCRIPT_NAME' => '/index.php'
    'CONTENT_LENGTH' => '24'
    'CONTENT_TYPE' => 'application/json'
    'REQUEST_METHOD' => 'POST'
    'QUERY_STRING' => ''
    'SCRIPT_FILENAME' => '/www/wwwroot/lottery_xl/backend/web/index.php'
    'FCGI_ROLE' => 'RESPONDER'
    'PHP_SELF' => '/index.php'
    'REQUEST_TIME_FLOAT' => 1614078001.9425
    'REQUEST_TIME' => 1614078001
]
2021-02-23 19:00:02 [127.0.0.1][-][-][error][yii\base\ErrorException:8192] yii\base\ErrorException: Array and string offset access syntax with curly braces is deprecated in /www/wwwroot/lottery_xl/common/tools/Tool_Common.php:111
Stack trace:
#0 /www/wwwroot/lottery_xl/vendor/yiisoft/yii2/BaseYii.php(293): yii\base\ErrorHandler->handleError()
#1 /www/wwwroot/lottery_xl/vendor/yiisoft/yii2/BaseYii.php(293): include()
#2 [internal function]: yii\BaseYii::autoload()
#3 /www/wwwroot/lottery_xl/common/kj/qxc/QxcTcw.php(194): spl_autoload_call()
#4 /www/wwwroot/lottery_xl/common/kj/qxc/QxcTcw.php(128): common\kj\qxc\QxcTcw::QixingCaiBatchDatas()
#5 /www/wwwroot/lottery_xl/common/kj/qxc/QxcTcw.php(91): common\kj\qxc\QxcTcw::QixingCaiBatch()
#6 /www/wwwroot/lottery_xl/backend/service/HN0898Service.php(1401): common\kj\qxc\QxcTcw::getTcwOne()
#7 /www/wwwroot/lottery_xl/backend/service/McKeyService.php(22): backend\service\HN0898Service::getCurrentQihao()
#8 /www/wwwroot/lottery_xl/backend/service/StaticService.php(2467): backend\service\McKeyService::buildStaticMKey()
#9 /www/wwwroot/lottery_xl/backend/service/StaticService.php(2132): backend\service\StaticService::isCanOpStatic()
#10 /www/wwwroot/lottery_xl/backend/modules/cron/controllers/IndexController.php(99): backend\service\StaticService::staticAll2NumsYl()
#11 [internal function]: backend\modules\cron\controllers\IndexController->actionOpStatic()
#12 /www/wwwroot/lottery_xl/vendor/yiisoft/yii2/base/InlineAction.php(57): call_user_func_array()
#13 /www/wwwroot/lottery_xl/vendor/yiisoft/yii2/base/Controller.php(157): yii\base\InlineAction->runWithParams()
#14 /www/wwwroot/lottery_xl/vendor/yiisoft/yii2/base/Module.php(528): yii\base\Controller->runAction()
#15 /www/wwwroot/lottery_xl/vendor/yiisoft/yii2/web/Application.php(103): yii\base\Module->runAction()
#16 /www/wwwroot/lottery_xl/vendor/yiisoft/yii2/base/Application.php(387): yii\web\Application->handleRequest()
#17 /www/wwwroot/lottery_xl/backend/web/index.php(22): yii\base\Application->run()
#18 {main}
2021-02-23 19:00:01 [127.0.0.1][-][-][info][application] $_GET = []

$_POST = []

$_FILES = []

$_COOKIE = []

$_SERVER = [
    'USER' => 'www'
    'HOME' => '/home/www'
    'HTTP_ACCEPT' => '*/*'
    'HTTP_USER_AGENT' => 'curl/7.61.1'
    'HTTP_HOST' => 'www.lottery.com'
    'PATH_INFO' => ''
    'REDIRECT_STATUS' => '200'
    'SERVER_NAME' => 'lt.sm0898.com'
    'SERVER_PORT' => '80'
    'SERVER_ADDR' => '127.0.0.1'
    'REMOTE_PORT' => '53500'
    'REMOTE_ADDR' => '127.0.0.1'
    'SERVER_SOFTWARE' => 'nginx/1.18.0'
    'GATEWAY_INTERFACE' => 'CGI/1.1'
    'REQUEST_SCHEME' => 'http'
    'SERVER_PROTOCOL' => 'HTTP/1.1'
    'DOCUMENT_ROOT' => '/www/wwwroot/lottery_xl/backend/web'
    'DOCUMENT_URI' => '/index.php'
    'REQUEST_URI' => '/cron/index/op-static'
    'SCRIPT_NAME' => '/index.php'
    'CONTENT_LENGTH' => ''
    'CONTENT_TYPE' => ''
    'REQUEST_METHOD' => 'GET'
    'QUERY_STRING' => ''
    'SCRIPT_FILENAME' => '/www/wwwroot/lottery_xl/backend/web/index.php'
    'FCGI_ROLE' => 'RESPONDER'
    'PHP_SELF' => '/index.php'
    'REQUEST_TIME_FLOAT' => 1614078001.5943
    'REQUEST_TIME' => 1614078001
]
2021-02-23 19:01:01 [127.0.0.1][-][-][error][yii\base\ErrorException:8192] yii\base\ErrorException: Array and string offset access syntax with curly braces is deprecated in /www/wwwroot/lottery_xl/common/tools/Tool_Common.php:111
Stack trace:
#0 /www/wwwroot/lottery_xl/vendor/yiisoft/yii2/BaseYii.php(293): yii\base\ErrorHandler->handleError()
#1 /www/wwwroot/lottery_xl/vendor/yiisoft/yii2/BaseYii.php(293): include()
#2 [internal function]: yii\BaseYii::autoload()
#3 /www/wwwroot/lottery_xl/backend/service/BetService.php(489): spl_autoload_call()
#4 /www/wwwroot/lottery_xl/backend/service/BetService.php(339): backend\service\BetService::isCanBet()
#5 /www/wwwroot/lottery_xl/backend/service/BetService.php(221): backend\service\BetService::betByUidNew()
#6 /www/wwwroot/lottery_xl/backend/modules/cron/controllers/IndexController.php(246): backend\service\BetService::lotteryBet()
#7 [internal function]: backend\modules\cron\controllers\IndexController::actionBetByUid()
#8 /www/wwwroot/lottery_xl/vendor/yiisoft/yii2/base/InlineAction.php(57): call_user_func_array()
#9 /www/wwwroot/lottery_xl/vendor/yiisoft/yii2/base/Controller.php(157): yii\base\InlineAction->runWithParams()
#10 /www/wwwroot/lottery_xl/vendor/yiisoft/yii2/base/Module.php(528): yii\base\Controller->runAction()
#11 /www/wwwroot/lottery_xl/vendor/yiisoft/yii2/web/Application.php(103): yii\base\Module->runAction()
#12 /www/wwwroot/lottery_xl/vendor/yiisoft/yii2/base/Application.php(387): yii\web\Application->handleRequest()
#13 /www/wwwroot/lottery_xl/backend/web/index.php(22): yii\base\Application->run()
#14 {main}
2021-02-23 19:01:01 [127.0.0.1][-][-][info][application] $_GET = []

$_POST = []

$_FILES = []

$_COOKIE = []

$_SERVER = [
    'USER' => 'www'
    'HOME' => '/home/www'
    'HTTP_CONTENT_LENGTH' => '13'
    'HTTP_CONTENT_TYPE' => 'application/json'
    'HTTP_ACCEPT' => '*/*'
    'HTTP_USER_AGENT' => 'curl/7.61.1'
    'HTTP_HOST' => 'www.lottery.com'
    'PATH_INFO' => ''
    'REDIRECT_STATUS' => '200'
    'SERVER_NAME' => 'lt.sm0898.com'
    'SERVER_PORT' => '80'
    'SERVER_ADDR' => '127.0.0.1'
    'REMOTE_PORT' => '53594'
    'REMOTE_ADDR' => '127.0.0.1'
    'SERVER_SOFTWARE' => 'nginx/1.18.0'
    'GATEWAY_INTERFACE' => 'CGI/1.1'
    'REQUEST_SCHEME' => 'http'
    'SERVER_PROTOCOL' => 'HTTP/1.1'
    'DOCUMENT_ROOT' => '/www/wwwroot/lottery_xl/backend/web'
    'DOCUMENT_URI' => '/index.php'
    'REQUEST_URI' => '/cron/index/bet-by-uid'
    'SCRIPT_NAME' => '/index.php'
    'CONTENT_LENGTH' => '13'
    'CONTENT_TYPE' => 'application/json'
    'REQUEST_METHOD' => 'POST'
    'QUERY_STRING' => ''
    'SCRIPT_FILENAME' => '/www/wwwroot/lottery_xl/backend/web/index.php'
    'FCGI_ROLE' => 'RESPONDER'
    'PHP_SELF' => '/index.php'
    'REQUEST_TIME_FLOAT' => 1614078061.4344
    'REQUEST_TIME' => 1614078061
]
2021-02-23 19:01:01 [127.0.0.1][-][-][error][yii\base\ErrorException:8192] yii\base\ErrorException: The behavior of unparenthesized expressions containing both '.' and '+'/'-' will change in PHP 8: '+'/'-' will take a higher precedence in /www/wwwroot/lottery_xl/common/tools/KjDataGet.php:467
Stack trace:
#0 /www/wwwroot/lottery_xl/vendor/yiisoft/yii2/BaseYii.php(293): yii\base\ErrorHandler->handleError()
#1 /www/wwwroot/lottery_xl/vendor/yiisoft/yii2/BaseYii.php(293): include()
#2 [internal function]: yii\BaseYii::autoload()
#3 /www/wwwroot/lottery_xl/backend/modules/cron/controllers/IndexController.php(170): spl_autoload_call()
#4 [internal function]: backend\modules\cron\controllers\IndexController->actionUpdateNullCodes()
#5 /www/wwwroot/lottery_xl/vendor/yiisoft/yii2/base/InlineAction.php(57): call_user_func_array()
#6 /www/wwwroot/lottery_xl/vendor/yiisoft/yii2/base/Controller.php(157): yii\base\InlineAction->runWithParams()
#7 /www/wwwroot/lottery_xl/vendor/yiisoft/yii2/base/Module.php(528): yii\base\Controller->runAction()
#8 /www/wwwroot/lottery_xl/vendor/yiisoft/yii2/web/Application.php(103): yii\base\Module->runAction()
#9 /www/wwwroot/lottery_xl/vendor/yiisoft/yii2/base/Application.php(387): yii\web\Application->handleRequest()
#10 /www/wwwroot/lottery_xl/backend/web/index.php(22): yii\base\Application->run()
#11 {main}
2021-02-23 19:01:01 [127.0.0.1][-][-][info][application] $_GET = []

$_POST = []

$_FILES = []

$_COOKIE = []

$_SERVER = [
    'USER' => 'www'
    'HOME' => '/home/www'
    'HTTP_ACCEPT' => '*/*'
    'HTTP_USER_AGENT' => 'curl/7.61.1'
    'HTTP_HOST' => 'www.lottery.com'
    'PATH_INFO' => ''
    'REDIRECT_STATUS' => '200'
    'SERVER_NAME' => 'lt.sm0898.com'
    'SERVER_PORT' => '80'
    'SERVER_ADDR' => '127.0.0.1'
    'REMOTE_PORT' => '53612'
    'REMOTE_ADDR' => '127.0.0.1'
    'SERVER_SOFTWARE' => 'nginx/1.18.0'
    'GATEWAY_INTERFACE' => 'CGI/1.1'
    'REQUEST_SCHEME' => 'http'
    'SERVER_PROTOCOL' => 'HTTP/1.1'
    'DOCUMENT_ROOT' => '/www/wwwroot/lottery_xl/backend/web'
    'DOCUMENT_URI' => '/index.php'
    'REQUEST_URI' => '/cron/index/update-null-codes'
    'SCRIPT_NAME' => '/index.php'
    'CONTENT_LENGTH' => ''
    'CONTENT_TYPE' => ''
    'REQUEST_METHOD' => 'GET'
    'QUERY_STRING' => ''
    'SCRIPT_FILENAME' => '/www/wwwroot/lottery_xl/backend/web/index.php'
    'FCGI_ROLE' => 'RESPONDER'
    'PHP_SELF' => '/index.php'
    'REQUEST_TIME_FLOAT' => 1614078061.5559
    'REQUEST_TIME' => 1614078061
]
2021-02-23 19:01:01 [127.0.0.1][-][-][error][yii\base\ErrorException:8192] yii\base\ErrorException: Array and string offset access syntax with curly braces is deprecated in /www/wwwroot/lottery_xl/common/tools/Tool_Common.php:111
Stack trace:
#0 /www/wwwroot/lottery_xl/vendor/yiisoft/yii2/BaseYii.php(293): yii\base\ErrorHandler->handleError()
#1 /www/wwwroot/lottery_xl/vendor/yiisoft/yii2/BaseYii.php(293): include()
#2 [internal function]: yii\BaseYii::autoload()
#3 /www/wwwroot/lottery_xl/backend/service/BetService.php(1359): spl_autoload_call()
#4 /www/wwwroot/lottery_xl/backend/service/BaseService.php(62): backend\service\BetService::isLogin()
#5 /www/wwwroot/lottery_xl/backend/modules/cron/controllers/IndexController.php(383): backend\service\BaseService::login()
#6 [internal function]: backend\modules\cron\controllers\IndexController->actionAutoLogin()
#7 /www/wwwroot/lottery_xl/vendor/yiisoft/yii2/base/InlineAction.php(57): call_user_func_array()
#8 /www/wwwroot/lottery_xl/vendor/yiisoft/yii2/base/Controller.php(157): yii\base\InlineAction->runWithParams()
#9 /www/wwwroot/lottery_xl/vendor/yiisoft/yii2/base/Module.php(528): yii\base\Controller->runAction()
#10 /www/wwwroot/lottery_xl/vendor/yiisoft/yii2/web/Application.php(103): yii\base\Module->runAction()
#11 /www/wwwroot/lottery_xl/vendor/yiisoft/yii2/base/Application.php(387): yii\web\Application->handleRequest()
#12 /www/wwwroot/lottery_xl/backend/web/index.php(22): yii\base\Application->run()
#13 {main}
2021-02-23 19:01:01 [127.0.0.1][-][-][info][application] $_GET = []

$_POST = []

$_FILES = []

$_COOKIE = []

$_SERVER = [
    'USER' => 'www'
    'HOME' => '/home/www'
    'HTTP_ACCEPT' => '*/*'
    'HTTP_USER_AGENT' => 'curl/7.61.1'
    'HTTP_HOST' => 'www.lottery.com'
    'PATH_INFO' => ''
    'REDIRECT_STATUS' => '200'
    'SERVER_NAME' => 'lt.sm0898.com'
    'SERVER_PORT' => '80'
    'SERVER_ADDR' => '127.0.0.1'
    'REMOTE_PORT' => '53604'
    'REMOTE_ADDR' => '127.0.0.1'
    'SERVER_SOFTWARE' => 'nginx/1.18.0'
    'GATEWAY_INTERFACE' => 'CGI/1.1'
    'REQUEST_SCHEME' => 'http'
    'SERVER_PROTOCOL' => 'HTTP/1.1'
    'DOCUMENT_ROOT' => '/www/wwwroot/lottery_xl/backend/web'
    'DOCUMENT_URI' => '/index.php'
    'REQUEST_URI' => '/cron/index/auto-login'
    'SCRIPT_NAME' => '/index.php'
    'CONTENT_LENGTH' => ''
    'CONTENT_TYPE' => ''
    'REQUEST_METHOD' => 'GET'
    'QUERY_STRING' => ''
    'SCRIPT_FILENAME' => '/www/wwwroot/lottery_xl/backend/web/index.php'
    'FCGI_ROLE' => 'RESPONDER'
    'PHP_SELF' => '/index.php'
    'REQUEST_TIME_FLOAT' => 1614078061.5204
    'REQUEST_TIME' => 1614078061
]
2021-02-23 19:01:01 [127.0.0.1][-][-][error][yii\base\ErrorException:8192] yii\base\ErrorException: Array and string offset access syntax with curly braces is deprecated in /www/wwwroot/lottery_xl/common/tools/Tool_Common.php:111
Stack trace:
#0 /www/wwwroot/lottery_xl/vendor/yiisoft/yii2/BaseYii.php(293): yii\base\ErrorHandler->handleError()
#1 /www/wwwroot/lottery_xl/vendor/yiisoft/yii2/BaseYii.php(293): include()
#2 [internal function]: yii\BaseYii::autoload()
#3 /www/wwwroot/lottery_xl/backend/service/BetService.php(489): spl_autoload_call()
#4 /www/wwwroot/lottery_xl/backend/service/BetService.php(339): backend\service\BetService::isCanBet()
#5 /www/wwwroot/lottery_xl/backend/service/BetService.php(221): backend\service\BetService::betByUidNew()
#6 /www/wwwroot/lottery_xl/backend/modules/cron/controllers/IndexController.php(246): backend\service\BetService::lotteryBet()
#7 [internal function]: backend\modules\cron\controllers\IndexController::actionBetByUid()
#8 /www/wwwroot/lottery_xl/vendor/yiisoft/yii2/base/InlineAction.php(57): call_user_func_array()
#9 /www/wwwroot/lottery_xl/vendor/yiisoft/yii2/base/Controller.php(157): yii\base\InlineAction->runWithParams()
#10 /www/wwwroot/lottery_xl/vendor/yiisoft/yii2/base/Module.php(528): yii\base\Controller->runAction()
#11 /www/wwwroot/lottery_xl/vendor/yiisoft/yii2/web/Application.php(103): yii\base\Module->runAction()
#12 /www/wwwroot/lottery_xl/vendor/yiisoft/yii2/base/Application.php(387): yii\web\Application->handleRequest()
#13 /www/wwwroot/lottery_xl/backend/web/index.php(22): yii\base\Application->run()
#14 {main}
2021-02-23 19:01:01 [127.0.0.1][-][-][info][application] $_GET = []

$_POST = []

$_FILES = []

$_COOKIE = []

$_SERVER = [
    'USER' => 'www'
    'HOME' => '/home/www'
    'HTTP_CONTENT_LENGTH' => '13'
    'HTTP_CONTENT_TYPE' => 'application/json'
    'HTTP_ACCEPT' => '*/*'
    'HTTP_USER_AGENT' => 'curl/7.61.1'
    'HTTP_HOST' => 'www.lottery.com'
    'PATH_INFO' => ''
    'REDIRECT_STATUS' => '200'
    'SERVER_NAME' => 'lt.sm0898.com'
    'SERVER_PORT' => '80'
    'SERVER_ADDR' => '127.0.0.1'
    'REMOTE_PORT' => '53598'
    'REMOTE_ADDR' => '127.0.0.1'
    'SERVER_SOFTWARE' => 'nginx/1.18.0'
    'GATEWAY_INTERFACE' => 'CGI/1.1'
    'REQUEST_SCHEME' => 'http'
    'SERVER_PROTOCOL' => 'HTTP/1.1'
    'DOCUMENT_ROOT' => '/www/wwwroot/lottery_xl/backend/web'
    'DOCUMENT_URI' => '/index.php'
    'REQUEST_URI' => '/cron/index/bet-by-uid'
    'SCRIPT_NAME' => '/index.php'
    'CONTENT_LENGTH' => '13'
    'CONTENT_TYPE' => 'application/json'
    'REQUEST_METHOD' => 'POST'
    'QUERY_STRING' => ''
    'SCRIPT_FILENAME' => '/www/wwwroot/lottery_xl/backend/web/index.php'
    'FCGI_ROLE' => 'RESPONDER'
    'PHP_SELF' => '/index.php'
    'REQUEST_TIME_FLOAT' => 1614078061.5093
    'REQUEST_TIME' => 1614078061
]
2021-02-23 19:01:01 [127.0.0.1][-][-][error][yii\base\ErrorException:8192] yii\base\ErrorException: The behavior of unparenthesized expressions containing both '.' and '+'/'-' will change in PHP 8: '+'/'-' will take a higher precedence in /www/wwwroot/lottery_xl/common/tools/KjDataGet.php:467
Stack trace:
#0 /www/wwwroot/lottery_xl/vendor/yiisoft/yii2/BaseYii.php(293): yii\base\ErrorHandler->handleError()
#1 /www/wwwroot/lottery_xl/vendor/yiisoft/yii2/BaseYii.php(293): include()
#2 [internal function]: yii\BaseYii::autoload()
#3 /www/wwwroot/lottery_xl/backend/modules/cron/controllers/IndexController.php(84): spl_autoload_call()
#4 [internal function]: backend\modules\cron\controllers\IndexController->actionGrabKjDataOne()
#5 /www/wwwroot/lottery_xl/vendor/yiisoft/yii2/base/InlineAction.php(57): call_user_func_array()
#6 /www/wwwroot/lottery_xl/vendor/yiisoft/yii2/base/Controller.php(157): yii\base\InlineAction->runWithParams()
#7 /www/wwwroot/lottery_xl/vendor/yiisoft/yii2/base/Module.php(528): yii\base\Controller->runAction()
#8 /www/wwwroot/lottery_xl/vendor/yiisoft/yii2/web/Application.php(103): yii\base\Module->runAction()
#9 /www/wwwroot/lottery_xl/vendor/yiisoft/yii2/base/Application.php(387): yii\web\Application->handleRequest()
#10 /www/wwwroot/lottery_xl/backend/web/index.php(22): yii\base\Application->run()
#11 {main}
2021-02-23 19:01:01 [127.0.0.1][-][-][info][application] $_GET = []

$_POST = []

$_FILES = []

$_COOKIE = []

$_SERVER = [
    'USER' => 'www'
    'HOME' => '/home/www'
    'HTTP_CONTENT_LENGTH' => '24'
    'HTTP_CONTENT_TYPE' => 'application/json'
    'HTTP_ACCEPT' => '*/*'
    'HTTP_USER_AGENT' => 'curl/7.61.1'
    'HTTP_HOST' => 'www.lottery.com'
    'PATH_INFO' => ''
    'REDIRECT_STATUS' => '200'
    'SERVER_NAME' => 'lt.sm0898.com'
    'SERVER_PORT' => '80'
    'SERVER_ADDR' => '127.0.0.1'
    'REMOTE_PORT' => '53616'
    'REMOTE_ADDR' => '127.0.0.1'
    'SERVER_SOFTWARE' => 'nginx/1.18.0'
    'GATEWAY_INTERFACE' => 'CGI/1.1'
    'REQUEST_SCHEME' => 'http'
    'SERVER_PROTOCOL' => 'HTTP/1.1'
    'DOCUMENT_ROOT' => '/www/wwwroot/lottery_xl/backend/web'
    'DOCUMENT_URI' => '/index.php'
    'REQUEST_URI' => '/cron/index/grab-kj-data-one'
    'SCRIPT_NAME' => '/index.php'
    'CONTENT_LENGTH' => '24'
    'CONTENT_TYPE' => 'application/json'
    'REQUEST_METHOD' => 'POST'
    'QUERY_STRING' => ''
    'SCRIPT_FILENAME' => '/www/wwwroot/lottery_xl/backend/web/index.php'
    'FCGI_ROLE' => 'RESPONDER'
    'PHP_SELF' => '/index.php'
    'REQUEST_TIME_FLOAT' => 1614078061.6883
    'REQUEST_TIME' => 1614078061
]
2021-02-23 19:01:01 [127.0.0.1][-][-][error][yii\base\ErrorException:8192] yii\base\ErrorException: The behavior of unparenthesized expressions containing both '.' and '+'/'-' will change in PHP 8: '+'/'-' will take a higher precedence in /www/wwwroot/lottery_xl/backend/service/NineNine/NineNineNewService.php:1741
Stack trace:
#0 /www/wwwroot/lottery_xl/vendor/yiisoft/yii2/BaseYii.php(293): yii\base\ErrorHandler->handleError()
#1 /www/wwwroot/lottery_xl/vendor/yiisoft/yii2/BaseYii.php(293): include()
#2 [internal function]: yii\BaseYii::autoload()
#3 /www/wwwroot/lottery_xl/backend/service/BaseService.php(148): spl_autoload_call()
#4 /www/wwwroot/lottery_xl/backend/modules/cron/controllers/IndexController.php(370): backend\service\BaseService::synBalance()
#5 [internal function]: backend\modules\cron\controllers\IndexController->actionSynBalance()
#6 /www/wwwroot/lottery_xl/vendor/yiisoft/yii2/base/InlineAction.php(57): call_user_func_array()
#7 /www/wwwroot/lottery_xl/vendor/yiisoft/yii2/base/Controller.php(157): yii\base\InlineAction->runWithParams()
#8 /www/wwwroot/lottery_xl/vendor/yiisoft/yii2/base/Module.php(528): yii\base\Controller->runAction()
#9 /www/wwwroot/lottery_xl/vendor/yiisoft/yii2/web/Application.php(103): yii\base\Module->runAction()
#10 /www/wwwroot/lottery_xl/vendor/yiisoft/yii2/base/Application.php(387): yii\web\Application->handleRequest()
#11 /www/wwwroot/lottery_xl/backend/web/index.php(22): yii\base\Application->run()
#12 {main}
2021-02-23 19:01:01 [127.0.0.1][-][-][info][application] $_GET = []

$_POST = []

$_FILES = []

$_COOKIE = []

$_SERVER = [
    'USER' => 'www'
    'HOME' => '/home/www'
    'HTTP_ACCEPT' => '*/*'
    'HTTP_USER_AGENT' => 'curl/7.61.1'
    'HTTP_HOST' => 'www.lottery.com'
    'PATH_INFO' => ''
    'REDIRECT_STATUS' => '200'
    'SERVER_NAME' => 'lt.sm0898.com'
    'SERVER_PORT' => '80'
    'SERVER_ADDR' => '127.0.0.1'
    'REMOTE_PORT' => '53602'
    'REMOTE_ADDR' => '127.0.0.1'
    'SERVER_SOFTWARE' => 'nginx/1.18.0'
    'GATEWAY_INTERFACE' => 'CGI/1.1'
    'REQUEST_SCHEME' => 'http'
    'SERVER_PROTOCOL' => 'HTTP/1.1'
    'DOCUMENT_ROOT' => '/www/wwwroot/lottery_xl/backend/web'
    'DOCUMENT_URI' => '/index.php'
    'REQUEST_URI' => '/cron/index/syn-balance'
    'SCRIPT_NAME' => '/index.php'
    'CONTENT_LENGTH' => ''
    'CONTENT_TYPE' => ''
    'REQUEST_METHOD' => 'GET'
    'QUERY_STRING' => ''
    'SCRIPT_FILENAME' => '/www/wwwroot/lottery_xl/backend/web/index.php'
    'FCGI_ROLE' => 'RESPONDER'
    'PHP_SELF' => '/index.php'
    'REQUEST_TIME_FLOAT' => 1614078061.5133
    'REQUEST_TIME' => 1614078061
]
2021-02-23 19:01:01 [127.0.0.1][-][-][error][yii\base\ErrorException:8192] yii\base\ErrorException: Array and string offset access syntax with curly braces is deprecated in /www/wwwroot/lottery_xl/common/tools/Tool_Common.php:111
Stack trace:
#0 /www/wwwroot/lottery_xl/vendor/yiisoft/yii2/BaseYii.php(293): yii\base\ErrorHandler->handleError()
#1 /www/wwwroot/lottery_xl/vendor/yiisoft/yii2/BaseYii.php(293): include()
#2 [internal function]: yii\BaseYii::autoload()
#3 /www/wwwroot/lottery_xl/backend/service/SscDataService.php(3017): spl_autoload_call()
#4 /www/wwwroot/lottery_xl/backend/modules/cron/controllers/IndexController.php(430): backend\service\SscDataService::staticPerShuTrueFalse()
#5 [internal function]: backend\modules\cron\controllers\IndexController->actionSetPeiShuTrueFalse()
#6 /www/wwwroot/lottery_xl/vendor/yiisoft/yii2/base/InlineAction.php(57): call_user_func_array()
#7 /www/wwwroot/lottery_xl/vendor/yiisoft/yii2/base/Controller.php(157): yii\base\InlineAction->runWithParams()
#8 /www/wwwroot/lottery_xl/vendor/yiisoft/yii2/base/Module.php(528): yii\base\Controller->runAction()
#9 /www/wwwroot/lottery_xl/vendor/yiisoft/yii2/web/Application.php(103): yii\base\Module->runAction()
#10 /www/wwwroot/lottery_xl/vendor/yiisoft/yii2/base/Application.php(387): yii\web\Application->handleRequest()
#11 /www/wwwroot/lottery_xl/backend/web/index.php(22): yii\base\Application->run()
#12 {main}
2021-02-23 19:01:01 [127.0.0.1][-][-][info][application] $_GET = []

$_POST = []

$_FILES = []

$_COOKIE = []

$_SERVER = [
    'USER' => 'www'
    'HOME' => '/home/www'
    'HTTP_CONTENT_LENGTH' => '24'
    'HTTP_CONTENT_TYPE' => 'application/json'
    'HTTP_ACCEPT' => '*/*'
    'HTTP_USER_AGENT' => 'curl/7.61.1'
    'HTTP_HOST' => 'www.lottery.com'
    'PATH_INFO' => ''
    'REDIRECT_STATUS' => '200'
    'SERVER_NAME' => 'lt.sm0898.com'
    'SERVER_PORT' => '80'
    'SERVER_ADDR' => '127.0.0.1'
    'REMOTE_PORT' => '53636'
    'REMOTE_ADDR' => '127.0.0.1'
    'SERVER_SOFTWARE' => 'nginx/1.18.0'
    'GATEWAY_INTERFACE' => 'CGI/1.1'
    'REQUEST_SCHEME' => 'http'
    'SERVER_PROTOCOL' => 'HTTP/1.1'
    'DOCUMENT_ROOT' => '/www/wwwroot/lottery_xl/backend/web'
    'DOCUMENT_URI' => '/index.php'
    'REQUEST_URI' => '/cron/index/set-pei-shu-true-false'
    'SCRIPT_NAME' => '/index.php'
    'CONTENT_LENGTH' => '24'
    'CONTENT_TYPE' => 'application/json'
    'REQUEST_METHOD' => 'POST'
    'QUERY_STRING' => ''
    'SCRIPT_FILENAME' => '/www/wwwroot/lottery_xl/backend/web/index.php'
    'FCGI_ROLE' => 'RESPONDER'
    'PHP_SELF' => '/index.php'
    'REQUEST_TIME_FLOAT' => 1614078061.7802
    'REQUEST_TIME' => 1614078061
]
2021-02-23 19:01:02 [127.0.0.1][-][-][error][yii\base\ErrorException:8192] yii\base\ErrorException: Array and string offset access syntax with curly braces is deprecated in /www/wwwroot/lottery_xl/common/tools/Tool_Common.php:111
Stack trace:
#0 /www/wwwroot/lottery_xl/vendor/yiisoft/yii2/BaseYii.php(293): yii\base\ErrorHandler->handleError()
#1 /www/wwwroot/lottery_xl/vendor/yiisoft/yii2/BaseYii.php(293): include()
#2 [internal function]: yii\BaseYii::autoload()
#3 /www/wwwroot/lottery_xl/common/kj/qxc/QxcTcw.php(194): spl_autoload_call()
#4 /www/wwwroot/lottery_xl/common/kj/qxc/QxcTcw.php(128): common\kj\qxc\QxcTcw::QixingCaiBatchDatas()
#5 /www/wwwroot/lottery_xl/common/kj/qxc/QxcTcw.php(91): common\kj\qxc\QxcTcw::QixingCaiBatch()
#6 /www/wwwroot/lottery_xl/backend/service/HN0898Service.php(1305): common\kj\qxc\QxcTcw::getTcwOne()
#7 /www/wwwroot/lottery_xl/backend/service/McKeyService.php(22): backend\service\HN0898Service::getCurrentQihao()
#8 /www/wwwroot/lottery_xl/backend/service/StaticService.php(2467): backend\service\McKeyService::buildStaticMKey()
#9 /www/wwwroot/lottery_xl/backend/service/StaticService.php(2283): backend\service\StaticService::isCanOpStatic()
#10 /www/wwwroot/lottery_xl/backend/modules/cron/controllers/IndexController.php(129): backend\service\StaticService::opAllCodeTypeYl()
#11 [internal function]: backend\modules\cron\controllers\IndexController->actionUpdateCodeTypeYl()
#12 /www/wwwroot/lottery_xl/vendor/yiisoft/yii2/base/InlineAction.php(57): call_user_func_array()
#13 /www/wwwroot/lottery_xl/vendor/yiisoft/yii2/base/Controller.php(157): yii\base\InlineAction->runWithParams()
#14 /www/wwwroot/lottery_xl/vendor/yiisoft/yii2/base/Module.php(528): yii\base\Controller->runAction()
#15 /www/wwwroot/lottery_xl/vendor/yiisoft/yii2/web/Application.php(103): yii\base\Module->runAction()
#16 /www/wwwroot/lottery_xl/vendor/yiisoft/yii2/base/Application.php(387): yii\web\Application->handleRequest()
#17 /www/wwwroot/lottery_xl/backend/web/index.php(22): yii\base\Application->run()
#18 {main}
2021-02-23 19:01:01 [127.0.0.1][-][-][info][application] $_GET = []

$_POST = []

$_FILES = []

$_COOKIE = []

$_SERVER = [
    'USER' => 'www'
    'HOME' => '/home/www'
    'HTTP_ACCEPT' => '*/*'
    'HTTP_USER_AGENT' => 'curl/7.61.1'
    'HTTP_HOST' => 'www.lottery.com'
    'PATH_INFO' => ''
    'REDIRECT_STATUS' => '200'
    'SERVER_NAME' => 'lt.sm0898.com'
    'SERVER_PORT' => '80'
    'SERVER_ADDR' => '127.0.0.1'
    'REMOTE_PORT' => '53606'
    'REMOTE_ADDR' => '127.0.0.1'
    'SERVER_SOFTWARE' => 'nginx/1.18.0'
    'GATEWAY_INTERFACE' => 'CGI/1.1'
    'REQUEST_SCHEME' => 'http'
    'SERVER_PROTOCOL' => 'HTTP/1.1'
    'DOCUMENT_ROOT' => '/www/wwwroot/lottery_xl/backend/web'
    'DOCUMENT_URI' => '/index.php'
    'REQUEST_URI' => '/cron/index/update-code-type-yl'
    'SCRIPT_NAME' => '/index.php'
    'CONTENT_LENGTH' => ''
    'CONTENT_TYPE' => ''
    'REQUEST_METHOD' => 'GET'
    'QUERY_STRING' => ''
    'SCRIPT_FILENAME' => '/www/wwwroot/lottery_xl/backend/web/index.php'
    'FCGI_ROLE' => 'RESPONDER'
    'PHP_SELF' => '/index.php'
    'REQUEST_TIME_FLOAT' => 1614078061.537
    'REQUEST_TIME' => 1614078061
]
2021-02-23 19:01:02 [127.0.0.1][-][-][error][yii\base\ErrorException:8192] yii\base\ErrorException: Array and string offset access syntax with curly braces is deprecated in /www/wwwroot/lottery_xl/common/tools/Tool_Common.php:111
Stack trace:
#0 /www/wwwroot/lottery_xl/vendor/yiisoft/yii2/BaseYii.php(293): yii\base\ErrorHandler->handleError()
#1 /www/wwwroot/lottery_xl/vendor/yiisoft/yii2/BaseYii.php(293): include()
#2 [internal function]: yii\BaseYii::autoload()
#3 /www/wwwroot/lottery_xl/common/kj/qxc/QxcTcw.php(194): spl_autoload_call()
#4 /www/wwwroot/lottery_xl/common/kj/qxc/QxcTcw.php(128): common\kj\qxc\QxcTcw::QixingCaiBatchDatas()
#5 /www/wwwroot/lottery_xl/common/kj/qxc/QxcTcw.php(91): common\kj\qxc\QxcTcw::QixingCaiBatch()
#6 /www/wwwroot/lottery_xl/backend/service/HN0898Service.php(1401): common\kj\qxc\QxcTcw::getTcwOne()
#7 /www/wwwroot/lottery_xl/backend/service/McKeyService.php(22): backend\service\HN0898Service::getCurrentQihao()
#8 /www/wwwroot/lottery_xl/backend/service/StaticService.php(2467): backend\service\McKeyService::buildStaticMKey()
#9 /www/wwwroot/lottery_xl/backend/service/StaticService.php(2132): backend\service\StaticService::isCanOpStatic()
#10 /www/wwwroot/lottery_xl/backend/modules/cron/controllers/IndexController.php(99): backend\service\StaticService::staticAll2NumsYl()
#11 [internal function]: backend\modules\cron\controllers\IndexController->actionOpStatic()
#12 /www/wwwroot/lottery_xl/vendor/yiisoft/yii2/base/InlineAction.php(57): call_user_func_array()
#13 /www/wwwroot/lottery_xl/vendor/yiisoft/yii2/base/Controller.php(157): yii\base\InlineAction->runWithParams()
#14 /www/wwwroot/lottery_xl/vendor/yiisoft/yii2/base/Module.php(528): yii\base\Controller->runAction()
#15 /www/wwwroot/lottery_xl/vendor/yiisoft/yii2/web/Application.php(103): yii\base\Module->runAction()
#16 /www/wwwroot/lottery_xl/vendor/yiisoft/yii2/base/Application.php(387): yii\web\Application->handleRequest()
#17 /www/wwwroot/lottery_xl/backend/web/index.php(22): yii\base\Application->run()
#18 {main}
2021-02-23 19:01:01 [127.0.0.1][-][-][info][application] $_GET = []

$_POST = []

$_FILES = []

$_COOKIE = []

$_SERVER = [
    'USER' => 'www'
    'HOME' => '/home/www'
    'HTTP_ACCEPT' => '*/*'
    'HTTP_USER_AGENT' => 'curl/7.61.1'
    'HTTP_HOST' => 'www.lottery.com'
    'PATH_INFO' => ''
    'REDIRECT_STATUS' => '200'
    'SERVER_NAME' => 'lt.sm0898.com'
    'SERVER_PORT' => '80'
    'SERVER_ADDR' => '127.0.0.1'
    'REMOTE_PORT' => '53600'
    'REMOTE_ADDR' => '127.0.0.1'
    'SERVER_SOFTWARE' => 'nginx/1.18.0'
    'GATEWAY_INTERFACE' => 'CGI/1.1'
    'REQUEST_SCHEME' => 'http'
    'SERVER_PROTOCOL' => 'HTTP/1.1'
    'DOCUMENT_ROOT' => '/www/wwwroot/lottery_xl/backend/web'
    'DOCUMENT_URI' => '/index.php'
    'REQUEST_URI' => '/cron/index/op-static'
    'SCRIPT_NAME' => '/index.php'
    'CONTENT_LENGTH' => ''
    'CONTENT_TYPE' => ''
    'REQUEST_METHOD' => 'GET'
    'QUERY_STRING' => ''
    'SCRIPT_FILENAME' => '/www/wwwroot/lottery_xl/backend/web/index.php'
    'FCGI_ROLE' => 'RESPONDER'
    'PHP_SELF' => '/index.php'
    'REQUEST_TIME_FLOAT' => 1614078061.5124
    'REQUEST_TIME' => 1614078061
]
2021-02-23 19:02:01 [127.0.0.1][-][-][error][yii\base\ErrorException:8192] yii\base\ErrorException: The behavior of unparenthesized expressions containing both '.' and '+'/'-' will change in PHP 8: '+'/'-' will take a higher precedence in /www/wwwroot/lottery_xl/common/tools/KjDataGet.php:467
Stack trace:
#0 /www/wwwroot/lottery_xl/vendor/yiisoft/yii2/BaseYii.php(293): yii\base\ErrorHandler->handleError()
#1 /www/wwwroot/lottery_xl/vendor/yiisoft/yii2/BaseYii.php(293): include()
#2 [internal function]: yii\BaseYii::autoload()
#3 /www/wwwroot/lottery_xl/backend/modules/cron/controllers/IndexController.php(170): spl_autoload_call()
#4 [internal function]: backend\modules\cron\controllers\IndexController->actionUpdateNullCodes()
#5 /www/wwwroot/lottery_xl/vendor/yiisoft/yii2/base/InlineAction.php(57): call_user_func_array()
#6 /www/wwwroot/lottery_xl/vendor/yiisoft/yii2/base/Controller.php(157): yii\base\InlineAction->runWithParams()
#7 /www/wwwroot/lottery_xl/vendor/yiisoft/yii2/base/Module.php(528): yii\base\Controller->runAction()
#8 /www/wwwroot/lottery_xl/vendor/yiisoft/yii2/web/Application.php(103): yii\base\Module->runAction()
#9 /www/wwwroot/lottery_xl/vendor/yiisoft/yii2/base/Application.php(387): yii\web\Application->handleRequest()
#10 /www/wwwroot/lottery_xl/backend/web/index.php(22): yii\base\Application->run()
#11 {main}
2021-02-23 19:02:01 [127.0.0.1][-][-][info][application] $_GET = []

$_POST = []

$_FILES = []

$_COOKIE = []

$_SERVER = [
    'USER' => 'www'
    'HOME' => '/home/www'
    'HTTP_ACCEPT' => '*/*'
    'HTTP_USER_AGENT' => 'curl/7.61.1'
    'HTTP_HOST' => 'www.lottery.com'
    'PATH_INFO' => ''
    'REDIRECT_STATUS' => '200'
    'SERVER_NAME' => 'lt.sm0898.com'
    'SERVER_PORT' => '80'
    'SERVER_ADDR' => '127.0.0.1'
    'REMOTE_PORT' => '53696'
    'REMOTE_ADDR' => '127.0.0.1'
    'SERVER_SOFTWARE' => 'nginx/1.18.0'
    'GATEWAY_INTERFACE' => 'CGI/1.1'
    'REQUEST_SCHEME' => 'http'
    'SERVER_PROTOCOL' => 'HTTP/1.1'
    'DOCUMENT_ROOT' => '/www/wwwroot/lottery_xl/backend/web'
    'DOCUMENT_URI' => '/index.php'
    'REQUEST_URI' => '/cron/index/update-null-codes'
    'SCRIPT_NAME' => '/index.php'
    'CONTENT_LENGTH' => ''
    'CONTENT_TYPE' => ''
    'REQUEST_METHOD' => 'GET'
    'QUERY_STRING' => ''
    'SCRIPT_FILENAME' => '/www/wwwroot/lottery_xl/backend/web/index.php'
    'FCGI_ROLE' => 'RESPONDER'
    'PHP_SELF' => '/index.php'
    'REQUEST_TIME_FLOAT' => 1614078121.6476
    'REQUEST_TIME' => 1614078121
]
2021-02-23 19:02:01 [127.0.0.1][-][-][error][yii\base\ErrorException:8192] yii\base\ErrorException: The behavior of unparenthesized expressions containing both '.' and '+'/'-' will change in PHP 8: '+'/'-' will take a higher precedence in /www/wwwroot/lottery_xl/common/tools/KjDataGet.php:467
Stack trace:
#0 /www/wwwroot/lottery_xl/vendor/yiisoft/yii2/BaseYii.php(293): yii\base\ErrorHandler->handleError()
#1 /www/wwwroot/lottery_xl/vendor/yiisoft/yii2/BaseYii.php(293): include()
#2 [internal function]: yii\BaseYii::autoload()
#3 /www/wwwroot/lottery_xl/backend/modules/cron/controllers/IndexController.php(84): spl_autoload_call()
#4 [internal function]: backend\modules\cron\controllers\IndexController->actionGrabKjDataOne()
#5 /www/wwwroot/lottery_xl/vendor/yiisoft/yii2/base/InlineAction.php(57): call_user_func_array()
#6 /www/wwwroot/lottery_xl/vendor/yiisoft/yii2/base/Controller.php(157): yii\base\InlineAction->runWithParams()
#7 /www/wwwroot/lottery_xl/vendor/yiisoft/yii2/base/Module.php(528): yii\base\Controller->runAction()
#8 /www/wwwroot/lottery_xl/vendor/yiisoft/yii2/web/Application.php(103): yii\base\Module->runAction()
#9 /www/wwwroot/lottery_xl/vendor/yiisoft/yii2/base/Application.php(387): yii\web\Application->handleRequest()
#10 /www/wwwroot/lottery_xl/backend/web/index.php(22): yii\base\Application->run()
#11 {main}
2021-02-23 19:02:01 [127.0.0.1][-][-][info][application] $_GET = []

$_POST = []

$_FILES = []

$_COOKIE = []

$_SERVER = [
    'USER' => 'www'
    'HOME' => '/home/www'
    'HTTP_CONTENT_LENGTH' => '24'
    'HTTP_CONTENT_TYPE' => 'application/json'
    'HTTP_ACCEPT' => '*/*'
    'HTTP_USER_AGENT' => 'curl/7.61.1'
    'HTTP_HOST' => 'www.lottery.com'
    'PATH_INFO' => ''
    'REDIRECT_STATUS' => '200'
    'SERVER_NAME' => 'lt.sm0898.com'
    'SERVER_PORT' => '80'
    'SERVER_ADDR' => '127.0.0.1'
    'REMOTE_PORT' => '53688'
    'REMOTE_ADDR' => '127.0.0.1'
    'SERVER_SOFTWARE' => 'nginx/1.18.0'
    'GATEWAY_INTERFACE' => 'CGI/1.1'
    'REQUEST_SCHEME' => 'http'
    'SERVER_PROTOCOL' => 'HTTP/1.1'
    'DOCUMENT_ROOT' => '/www/wwwroot/lottery_xl/backend/web'
    'DOCUMENT_URI' => '/index.php'
    'REQUEST_URI' => '/cron/index/grab-kj-data-one'
    'SCRIPT_NAME' => '/index.php'
    'CONTENT_LENGTH' => '24'
    'CONTENT_TYPE' => 'application/json'
    'REQUEST_METHOD' => 'POST'
    'QUERY_STRING' => ''
    'SCRIPT_FILENAME' => '/www/wwwroot/lottery_xl/backend/web/index.php'
    'FCGI_ROLE' => 'RESPONDER'
    'PHP_SELF' => '/index.php'
    'REQUEST_TIME_FLOAT' => 1614078121.6123
    'REQUEST_TIME' => 1614078121
]
2021-02-23 19:02:01 [127.0.0.1][-][-][error][yii\base\ErrorException:8192] yii\base\ErrorException: Array and string offset access syntax with curly braces is deprecated in /www/wwwroot/lottery_xl/common/tools/Tool_Common.php:111
Stack trace:
#0 /www/wwwroot/lottery_xl/vendor/yiisoft/yii2/BaseYii.php(293): yii\base\ErrorHandler->handleError()
#1 /www/wwwroot/lottery_xl/vendor/yiisoft/yii2/BaseYii.php(293): include()
#2 [internal function]: yii\BaseYii::autoload()
#3 /www/wwwroot/lottery_xl/backend/service/BetService.php(1359): spl_autoload_call()
#4 /www/wwwroot/lottery_xl/backend/service/BaseService.php(62): backend\service\BetService::isLogin()
#5 /www/wwwroot/lottery_xl/backend/modules/cron/controllers/IndexController.php(383): backend\service\BaseService::login()
#6 [internal function]: backend\modules\cron\controllers\IndexController->actionAutoLogin()
#7 /www/wwwroot/lottery_xl/vendor/yiisoft/yii2/base/InlineAction.php(57): call_user_func_array()
#8 /www/wwwroot/lottery_xl/vendor/yiisoft/yii2/base/Controller.php(157): yii\base\InlineAction->runWithParams()
#9 /www/wwwroot/lottery_xl/vendor/yiisoft/yii2/base/Module.php(528): yii\base\Controller->runAction()
#10 /www/wwwroot/lottery_xl/vendor/yiisoft/yii2/web/Application.php(103): yii\base\Module->runAction()
#11 /www/wwwroot/lottery_xl/vendor/yiisoft/yii2/base/Application.php(387): yii\web\Application->handleRequest()
#12 /www/wwwroot/lottery_xl/backend/web/index.php(22): yii\base\Application->run()
#13 {main}
2021-02-23 19:02:01 [127.0.0.1][-][-][info][application] $_GET = []

$_POST = []

$_FILES = []

$_COOKIE = []

$_SERVER = [
    'USER' => 'www'
    'HOME' => '/home/www'
    'HTTP_ACCEPT' => '*/*'
    'HTTP_USER_AGENT' => 'curl/7.61.1'
    'HTTP_HOST' => 'www.lottery.com'
    'PATH_INFO' => ''
    'REDIRECT_STATUS' => '200'
    'SERVER_NAME' => 'lt.sm0898.com'
    'SERVER_PORT' => '80'
    'SERVER_ADDR' => '127.0.0.1'
    'REMOTE_PORT' => '53700'
    'REMOTE_ADDR' => '127.0.0.1'
    'SERVER_SOFTWARE' => 'nginx/1.18.0'
    'GATEWAY_INTERFACE' => 'CGI/1.1'
    'REQUEST_SCHEME' => 'http'
    'SERVER_PROTOCOL' => 'HTTP/1.1'
    'DOCUMENT_ROOT' => '/www/wwwroot/lottery_xl/backend/web'
    'DOCUMENT_URI' => '/index.php'
    'REQUEST_URI' => '/cron/index/auto-login'
    'SCRIPT_NAME' => '/index.php'
    'CONTENT_LENGTH' => ''
    'CONTENT_TYPE' => ''
    'REQUEST_METHOD' => 'GET'
    'QUERY_STRING' => ''
    'SCRIPT_FILENAME' => '/www/wwwroot/lottery_xl/backend/web/index.php'
    'FCGI_ROLE' => 'RESPONDER'
    'PHP_SELF' => '/index.php'
    'REQUEST_TIME_FLOAT' => 1614078121.7478
    'REQUEST_TIME' => 1614078121
]
2021-02-23 19:02:01 [127.0.0.1][-][-][error][yii\base\ErrorException:8192] yii\base\ErrorException: Array and string offset access syntax with curly braces is deprecated in /www/wwwroot/lottery_xl/common/tools/Tool_Common.php:111
Stack trace:
#0 /www/wwwroot/lottery_xl/vendor/yiisoft/yii2/BaseYii.php(293): yii\base\ErrorHandler->handleError()
#1 /www/wwwroot/lottery_xl/vendor/yiisoft/yii2/BaseYii.php(293): include()
#2 [internal function]: yii\BaseYii::autoload()
#3 /www/wwwroot/lottery_xl/backend/service/BetService.php(489): spl_autoload_call()
#4 /www/wwwroot/lottery_xl/backend/service/BetService.php(339): backend\service\BetService::isCanBet()
#5 /www/wwwroot/lottery_xl/backend/service/BetService.php(221): backend\service\BetService::betByUidNew()
#6 /www/wwwroot/lottery_xl/backend/modules/cron/controllers/IndexController.php(246): backend\service\BetService::lotteryBet()
#7 [internal function]: backend\modules\cron\controllers\IndexController::actionBetByUid()
#8 /www/wwwroot/lottery_xl/vendor/yiisoft/yii2/base/InlineAction.php(57): call_user_func_array()
#9 /www/wwwroot/lottery_xl/vendor/yiisoft/yii2/base/Controller.php(157): yii\base\InlineAction->runWithParams()
#10 /www/wwwroot/lottery_xl/vendor/yiisoft/yii2/base/Module.php(528): yii\base\Controller->runAction()
#11 /www/wwwroot/lottery_xl/vendor/yiisoft/yii2/web/Application.php(103): yii\base\Module->runAction()
#12 /www/wwwroot/lottery_xl/vendor/yiisoft/yii2/base/Application.php(387): yii\web\Application->handleRequest()
#13 /www/wwwroot/lottery_xl/backend/web/index.php(22): yii\base\Application->run()
#14 {main}
2021-02-23 19:02:01 [127.0.0.1][-][-][info][application] $_GET = []

$_POST = []

$_FILES = []

$_COOKIE = []

$_SERVER = [
    'USER' => 'www'
    'HOME' => '/home/www'
    'HTTP_CONTENT_LENGTH' => '13'
    'HTTP_CONTENT_TYPE' => 'application/json'
    'HTTP_ACCEPT' => '*/*'
    'HTTP_USER_AGENT' => 'curl/7.61.1'
    'HTTP_HOST' => 'www.lottery.com'
    'PATH_INFO' => ''
    'REDIRECT_STATUS' => '200'
    'SERVER_NAME' => 'lt.sm0898.com'
    'SERVER_PORT' => '80'
    'SERVER_ADDR' => '127.0.0.1'
    'REMOTE_PORT' => '53690'
    'REMOTE_ADDR' => '127.0.0.1'
    'SERVER_SOFTWARE' => 'nginx/1.18.0'
    'GATEWAY_INTERFACE' => 'CGI/1.1'
    'REQUEST_SCHEME' => 'http'
    'SERVER_PROTOCOL' => 'HTTP/1.1'
    'DOCUMENT_ROOT' => '/www/wwwroot/lottery_xl/backend/web'
    'DOCUMENT_URI' => '/index.php'
    'REQUEST_URI' => '/cron/index/bet-by-uid'
    'SCRIPT_NAME' => '/index.php'
    'CONTENT_LENGTH' => '13'
    'CONTENT_TYPE' => 'application/json'
    'REQUEST_METHOD' => 'POST'
    'QUERY_STRING' => ''
    'SCRIPT_FILENAME' => '/www/wwwroot/lottery_xl/backend/web/index.php'
    'FCGI_ROLE' => 'RESPONDER'
    'PHP_SELF' => '/index.php'
    'REQUEST_TIME_FLOAT' => 1614078121.6242
    'REQUEST_TIME' => 1614078121
]
2021-02-23 19:02:01 [127.0.0.1][-][-][error][yii\base\ErrorException:8192] yii\base\ErrorException: Array and string offset access syntax with curly braces is deprecated in /www/wwwroot/lottery_xl/common/tools/Tool_Common.php:111
Stack trace:
#0 /www/wwwroot/lottery_xl/vendor/yiisoft/yii2/BaseYii.php(293): yii\base\ErrorHandler->handleError()
#1 /www/wwwroot/lottery_xl/vendor/yiisoft/yii2/BaseYii.php(293): include()
#2 [internal function]: yii\BaseYii::autoload()
#3 /www/wwwroot/lottery_xl/backend/service/SscDataService.php(3017): spl_autoload_call()
#4 /www/wwwroot/lottery_xl/backend/modules/cron/controllers/IndexController.php(430): backend\service\SscDataService::staticPerShuTrueFalse()
#5 [internal function]: backend\modules\cron\controllers\IndexController->actionSetPeiShuTrueFalse()
#6 /www/wwwroot/lottery_xl/vendor/yiisoft/yii2/base/InlineAction.php(57): call_user_func_array()
#7 /www/wwwroot/lottery_xl/vendor/yiisoft/yii2/base/Controller.php(157): yii\base\InlineAction->runWithParams()
#8 /www/wwwroot/lottery_xl/vendor/yiisoft/yii2/base/Module.php(528): yii\base\Controller->runAction()
#9 /www/wwwroot/lottery_xl/vendor/yiisoft/yii2/web/Application.php(103): yii\base\Module->runAction()
#10 /www/wwwroot/lottery_xl/vendor/yiisoft/yii2/base/Application.php(387): yii\web\Application->handleRequest()
#11 /www/wwwroot/lottery_xl/backend/web/index.php(22): yii\base\Application->run()
#12 {main}
2021-02-23 19:02:01 [127.0.0.1][-][-][info][application] $_GET = []

$_POST = []

$_FILES = []

$_COOKIE = []

$_SERVER = [
    'USER' => 'www'
    'HOME' => '/home/www'
    'HTTP_CONTENT_LENGTH' => '24'
    'HTTP_CONTENT_TYPE' => 'application/json'
    'HTTP_ACCEPT' => '*/*'
    'HTTP_USER_AGENT' => 'curl/7.61.1'
    'HTTP_HOST' => 'www.lottery.com'
    'PATH_INFO' => ''
    'REDIRECT_STATUS' => '200'
    'SERVER_NAME' => 'lt.sm0898.com'
    'SERVER_PORT' => '80'
    'SERVER_ADDR' => '127.0.0.1'
    'REMOTE_PORT' => '53684'
    'REMOTE_ADDR' => '127.0.0.1'
    'SERVER_SOFTWARE' => 'nginx/1.18.0'
    'GATEWAY_INTERFACE' => 'CGI/1.1'
    'REQUEST_SCHEME' => 'http'
    'SERVER_PROTOCOL' => 'HTTP/1.1'
    'DOCUMENT_ROOT' => '/www/wwwroot/lottery_xl/backend/web'
    'DOCUMENT_URI' => '/index.php'
    'REQUEST_URI' => '/cron/index/set-pei-shu-true-false'
    'SCRIPT_NAME' => '/index.php'
    'CONTENT_LENGTH' => '24'
    'CONTENT_TYPE' => 'application/json'
    'REQUEST_METHOD' => 'POST'
    'QUERY_STRING' => ''
    'SCRIPT_FILENAME' => '/www/wwwroot/lottery_xl/backend/web/index.php'
    'FCGI_ROLE' => 'RESPONDER'
    'PHP_SELF' => '/index.php'
    'REQUEST_TIME_FLOAT' => 1614078121.604
    'REQUEST_TIME' => 1614078121
]
2021-02-23 19:02:02 [127.0.0.1][-][-][error][yii\base\ErrorException:8192] yii\base\ErrorException: Array and string offset access syntax with curly braces is deprecated in /www/wwwroot/lottery_xl/common/tools/Tool_Common.php:111
Stack trace:
#0 /www/wwwroot/lottery_xl/vendor/yiisoft/yii2/BaseYii.php(293): yii\base\ErrorHandler->handleError()
#1 /www/wwwroot/lottery_xl/vendor/yiisoft/yii2/BaseYii.php(293): include()
#2 [internal function]: yii\BaseYii::autoload()
#3 /www/wwwroot/lottery_xl/backend/service/BetService.php(489): spl_autoload_call()
#4 /www/wwwroot/lottery_xl/backend/service/BetService.php(339): backend\service\BetService::isCanBet()
#5 /www/wwwroot/lottery_xl/backend/service/BetService.php(221): backend\service\BetService::betByUidNew()
#6 /www/wwwroot/lottery_xl/backend/modules/cron/controllers/IndexController.php(246): backend\service\BetService::lotteryBet()
#7 [internal function]: backend\modules\cron\controllers\IndexController::actionBetByUid()
#8 /www/wwwroot/lottery_xl/vendor/yiisoft/yii2/base/InlineAction.php(57): call_user_func_array()
#9 /www/wwwroot/lottery_xl/vendor/yiisoft/yii2/base/Controller.php(157): yii\base\InlineAction->runWithParams()
#10 /www/wwwroot/lottery_xl/vendor/yiisoft/yii2/base/Module.php(528): yii\base\Controller->runAction()
#11 /www/wwwroot/lottery_xl/vendor/yiisoft/yii2/web/Application.php(103): yii\base\Module->runAction()
#12 /www/wwwroot/lottery_xl/vendor/yiisoft/yii2/base/Application.php(387): yii\web\Application->handleRequest()
#13 /www/wwwroot/lottery_xl/backend/web/index.php(22): yii\base\Application->run()
#14 {main}
2021-02-23 19:02:01 [127.0.0.1][-][-][info][application] $_GET = []

$_POST = []

$_FILES = []

$_COOKIE = []

$_SERVER = [
    'USER' => 'www'
    'HOME' => '/home/www'
    'HTTP_CONTENT_LENGTH' => '13'
    'HTTP_CONTENT_TYPE' => 'application/json'
    'HTTP_ACCEPT' => '*/*'
    'HTTP_USER_AGENT' => 'curl/7.61.1'
    'HTTP_HOST' => 'www.lottery.com'
    'PATH_INFO' => ''
    'REDIRECT_STATUS' => '200'
    'SERVER_NAME' => 'lt.sm0898.com'
    'SERVER_PORT' => '80'
    'SERVER_ADDR' => '127.0.0.1'
    'REMOTE_PORT' => '53704'
    'REMOTE_ADDR' => '127.0.0.1'
    'SERVER_SOFTWARE' => 'nginx/1.18.0'
    'GATEWAY_INTERFACE' => 'CGI/1.1'
    'REQUEST_SCHEME' => 'http'
    'SERVER_PROTOCOL' => 'HTTP/1.1'
    'DOCUMENT_ROOT' => '/www/wwwroot/lottery_xl/backend/web'
    'DOCUMENT_URI' => '/index.php'
    'REQUEST_URI' => '/cron/index/bet-by-uid'
    'SCRIPT_NAME' => '/index.php'
    'CONTENT_LENGTH' => '13'
    'CONTENT_TYPE' => 'application/json'
    'REQUEST_METHOD' => 'POST'
    'QUERY_STRING' => ''
    'SCRIPT_FILENAME' => '/www/wwwroot/lottery_xl/backend/web/index.php'
    'FCGI_ROLE' => 'RESPONDER'
    'PHP_SELF' => '/index.php'
    'REQUEST_TIME_FLOAT' => 1614078121.8543
    'REQUEST_TIME' => 1614078121
]
2021-02-23 19:02:02 [127.0.0.1][-][-][error][yii\base\ErrorException:8192] yii\base\ErrorException: The behavior of unparenthesized expressions containing both '.' and '+'/'-' will change in PHP 8: '+'/'-' will take a higher precedence in /www/wwwroot/lottery_xl/backend/service/NineNine/NineNineNewService.php:1741
Stack trace:
#0 /www/wwwroot/lottery_xl/vendor/yiisoft/yii2/BaseYii.php(293): yii\base\ErrorHandler->handleError()
#1 /www/wwwroot/lottery_xl/vendor/yiisoft/yii2/BaseYii.php(293): include()
#2 [internal function]: yii\BaseYii::autoload()
#3 /www/wwwroot/lottery_xl/backend/service/BaseService.php(148): spl_autoload_call()
#4 /www/wwwroot/lottery_xl/backend/modules/cron/controllers/IndexController.php(370): backend\service\BaseService::synBalance()
#5 [internal function]: backend\modules\cron\controllers\IndexController->actionSynBalance()
#6 /www/wwwroot/lottery_xl/vendor/yiisoft/yii2/base/InlineAction.php(57): call_user_func_array()
#7 /www/wwwroot/lottery_xl/vendor/yiisoft/yii2/base/Controller.php(157): yii\base\InlineAction->runWithParams()
#8 /www/wwwroot/lottery_xl/vendor/yiisoft/yii2/base/Module.php(528): yii\base\Controller->runAction()
#9 /www/wwwroot/lottery_xl/vendor/yiisoft/yii2/web/Application.php(103): yii\base\Module->runAction()
#10 /www/wwwroot/lottery_xl/vendor/yiisoft/yii2/base/Application.php(387): yii\web\Application->handleRequest()
#11 /www/wwwroot/lottery_xl/backend/web/index.php(22): yii\base\Application->run()
#12 {main}
2021-02-23 19:02:01 [127.0.0.1][-][-][info][application] $_GET = []

$_POST = []

$_FILES = []

$_COOKIE = []

$_SERVER = [
    'USER' => 'www'
    'HOME' => '/home/www'
    'HTTP_ACCEPT' => '*/*'
    'HTTP_USER_AGENT' => 'curl/7.61.1'
    'HTTP_HOST' => 'www.lottery.com'
    'PATH_INFO' => ''
    'REDIRECT_STATUS' => '200'
    'SERVER_NAME' => 'lt.sm0898.com'
    'SERVER_PORT' => '80'
    'SERVER_ADDR' => '127.0.0.1'
    'REMOTE_PORT' => '53720'
    'REMOTE_ADDR' => '127.0.0.1'
    'SERVER_SOFTWARE' => 'nginx/1.18.0'
    'GATEWAY_INTERFACE' => 'CGI/1.1'
    'REQUEST_SCHEME' => 'http'
    'SERVER_PROTOCOL' => 'HTTP/1.1'
    'DOCUMENT_ROOT' => '/www/wwwroot/lottery_xl/backend/web'
    'DOCUMENT_URI' => '/index.php'
    'REQUEST_URI' => '/cron/index/syn-balance'
    'SCRIPT_NAME' => '/index.php'
    'CONTENT_LENGTH' => ''
    'CONTENT_TYPE' => ''
    'REQUEST_METHOD' => 'GET'
    'QUERY_STRING' => ''
    'SCRIPT_FILENAME' => '/www/wwwroot/lottery_xl/backend/web/index.php'
    'FCGI_ROLE' => 'RESPONDER'
    'PHP_SELF' => '/index.php'
    'REQUEST_TIME_FLOAT' => 1614078121.8818
    'REQUEST_TIME' => 1614078121
]
2021-02-23 19:02:02 [127.0.0.1][-][-][error][yii\base\ErrorException:8192] yii\base\ErrorException: Array and string offset access syntax with curly braces is deprecated in /www/wwwroot/lottery_xl/common/tools/Tool_Common.php:111
Stack trace:
#0 /www/wwwroot/lottery_xl/vendor/yiisoft/yii2/BaseYii.php(293): yii\base\ErrorHandler->handleError()
#1 /www/wwwroot/lottery_xl/vendor/yiisoft/yii2/BaseYii.php(293): include()
#2 [internal function]: yii\BaseYii::autoload()
#3 /www/wwwroot/lottery_xl/common/kj/qxc/QxcTcw.php(194): spl_autoload_call()
#4 /www/wwwroot/lottery_xl/common/kj/qxc/QxcTcw.php(128): common\kj\qxc\QxcTcw::QixingCaiBatchDatas()
#5 /www/wwwroot/lottery_xl/common/kj/qxc/QxcTcw.php(91): common\kj\qxc\QxcTcw::QixingCaiBatch()
#6 /www/wwwroot/lottery_xl/backend/service/HN0898Service.php(1401): common\kj\qxc\QxcTcw::getTcwOne()
#7 /www/wwwroot/lottery_xl/backend/service/McKeyService.php(22): backend\service\HN0898Service::getCurrentQihao()
#8 /www/wwwroot/lottery_xl/backend/service/StaticService.php(2467): backend\service\McKeyService::buildStaticMKey()
#9 /www/wwwroot/lottery_xl/backend/service/StaticService.php(2132): backend\service\StaticService::isCanOpStatic()
#10 /www/wwwroot/lottery_xl/backend/modules/cron/controllers/IndexController.php(99): backend\service\StaticService::staticAll2NumsYl()
#11 [internal function]: backend\modules\cron\controllers\IndexController->actionOpStatic()
#12 /www/wwwroot/lottery_xl/vendor/yiisoft/yii2/base/InlineAction.php(57): call_user_func_array()
#13 /www/wwwroot/lottery_xl/vendor/yiisoft/yii2/base/Controller.php(157): yii\base\InlineAction->runWithParams()
#14 /www/wwwroot/lottery_xl/vendor/yiisoft/yii2/base/Module.php(528): yii\base\Controller->runAction()
#15 /www/wwwroot/lottery_xl/vendor/yiisoft/yii2/web/Application.php(103): yii\base\Module->runAction()
#16 /www/wwwroot/lottery_xl/vendor/yiisoft/yii2/base/Application.php(387): yii\web\Application->handleRequest()
#17 /www/wwwroot/lottery_xl/backend/web/index.php(22): yii\base\Application->run()
#18 {main}
2021-02-23 19:02:01 [127.0.0.1][-][-][info][application] $_GET = []

$_POST = []

$_FILES = []

$_COOKIE = []

$_SERVER = [
    'USER' => 'www'
    'HOME' => '/home/www'
    'HTTP_ACCEPT' => '*/*'
    'HTTP_USER_AGENT' => 'curl/7.61.1'
    'HTTP_HOST' => 'www.lottery.com'
    'PATH_INFO' => ''
    'REDIRECT_STATUS' => '200'
    'SERVER_NAME' => 'lt.sm0898.com'
    'SERVER_PORT' => '80'
    'SERVER_ADDR' => '127.0.0.1'
    'REMOTE_PORT' => '53692'
    'REMOTE_ADDR' => '127.0.0.1'
    'SERVER_SOFTWARE' => 'nginx/1.18.0'
    'GATEWAY_INTERFACE' => 'CGI/1.1'
    'REQUEST_SCHEME' => 'http'
    'SERVER_PROTOCOL' => 'HTTP/1.1'
    'DOCUMENT_ROOT' => '/www/wwwroot/lottery_xl/backend/web'
    'DOCUMENT_URI' => '/index.php'
    'REQUEST_URI' => '/cron/index/op-static'
    'SCRIPT_NAME' => '/index.php'
    'CONTENT_LENGTH' => ''
    'CONTENT_TYPE' => ''
    'REQUEST_METHOD' => 'GET'
    'QUERY_STRING' => ''
    'SCRIPT_FILENAME' => '/www/wwwroot/lottery_xl/backend/web/index.php'
    'FCGI_ROLE' => 'RESPONDER'
    'PHP_SELF' => '/index.php'
    'REQUEST_TIME_FLOAT' => 1614078121.6245
    'REQUEST_TIME' => 1614078121
]
2021-02-23 19:02:02 [127.0.0.1][-][-][error][yii\base\ErrorException:8192] yii\base\ErrorException: Array and string offset access syntax with curly braces is deprecated in /www/wwwroot/lottery_xl/common/tools/Tool_Common.php:111
Stack trace:
#0 /www/wwwroot/lottery_xl/vendor/yiisoft/yii2/BaseYii.php(293): yii\base\ErrorHandler->handleError()
#1 /www/wwwroot/lottery_xl/vendor/yiisoft/yii2/BaseYii.php(293): include()
#2 [internal function]: yii\BaseYii::autoload()
#3 /www/wwwroot/lottery_xl/common/kj/qxc/QxcTcw.php(194): spl_autoload_call()
#4 /www/wwwroot/lottery_xl/common/kj/qxc/QxcTcw.php(128): common\kj\qxc\QxcTcw::QixingCaiBatchDatas()
#5 /www/wwwroot/lottery_xl/common/kj/qxc/QxcTcw.php(91): common\kj\qxc\QxcTcw::QixingCaiBatch()
#6 /www/wwwroot/lottery_xl/backend/service/HN0898Service.php(1401): common\kj\qxc\QxcTcw::getTcwOne()
#7 /www/wwwroot/lottery_xl/backend/service/McKeyService.php(22): backend\service\HN0898Service::getCurrentQihao()
#8 /www/wwwroot/lottery_xl/backend/service/StaticService.php(2467): backend\service\McKeyService::buildStaticMKey()
#9 /www/wwwroot/lottery_xl/backend/service/StaticService.php(1228): backend\service\StaticService::isCanOpStatic()
#10 /www/wwwroot/lottery_xl/backend/modules/cron/controllers/IndexController.php(142): backend\service\StaticService::opStatic()
#11 [internal function]: backend\modules\cron\controllers\IndexController->actionStaticHzProfits()
#12 /www/wwwroot/lottery_xl/vendor/yiisoft/yii2/base/InlineAction.php(57): call_user_func_array()
#13 /www/wwwroot/lottery_xl/vendor/yiisoft/yii2/base/Controller.php(157): yii\base\InlineAction->runWithParams()
#14 /www/wwwroot/lottery_xl/vendor/yiisoft/yii2/base/Module.php(528): yii\base\Controller->runAction()
#15 /www/wwwroot/lottery_xl/vendor/yiisoft/yii2/web/Application.php(103): yii\base\Module->runAction()
#16 /www/wwwroot/lottery_xl/vendor/yiisoft/yii2/base/Application.php(387): yii\web\Application->handleRequest()
#17 /www/wwwroot/lottery_xl/backend/web/index.php(22): yii\base\Application->run()
#18 {main}
2021-02-23 19:02:01 [127.0.0.1][-][-][info][application] $_GET = []

$_POST = []

$_FILES = []

$_COOKIE = []

$_SERVER = [
    'USER' => 'www'
    'HOME' => '/home/www'
    'HTTP_ACCEPT' => '*/*'
    'HTTP_USER_AGENT' => 'curl/7.61.1'
    'HTTP_HOST' => 'www.lottery.com'
    'PATH_INFO' => ''
    'REDIRECT_STATUS' => '200'
    'SERVER_NAME' => 'lt.sm0898.com'
    'SERVER_PORT' => '80'
    'SERVER_ADDR' => '127.0.0.1'
    'REMOTE_PORT' => '53722'
    'REMOTE_ADDR' => '127.0.0.1'
    'SERVER_SOFTWARE' => 'nginx/1.18.0'
    'GATEWAY_INTERFACE' => 'CGI/1.1'
    'REQUEST_SCHEME' => 'http'
    'SERVER_PROTOCOL' => 'HTTP/1.1'
    'DOCUMENT_ROOT' => '/www/wwwroot/lottery_xl/backend/web'
    'DOCUMENT_URI' => '/index.php'
    'REQUEST_URI' => '/cron/index/static-hz-profits'
    'SCRIPT_NAME' => '/index.php'
    'CONTENT_LENGTH' => ''
    'CONTENT_TYPE' => ''
    'REQUEST_METHOD' => 'GET'
    'QUERY_STRING' => ''
    'SCRIPT_FILENAME' => '/www/wwwroot/lottery_xl/backend/web/index.php'
    'FCGI_ROLE' => 'RESPONDER'
    'PHP_SELF' => '/index.php'
    'REQUEST_TIME_FLOAT' => 1614078121.9336
    'REQUEST_TIME' => 1614078121
]
2021-02-23 19:02:02 [127.0.0.1][-][-][error][yii\base\ErrorException:8192] yii\base\ErrorException: Array and string offset access syntax with curly braces is deprecated in /www/wwwroot/lottery_xl/common/tools/Tool_Common.php:111
Stack trace:
#0 /www/wwwroot/lottery_xl/vendor/yiisoft/yii2/BaseYii.php(293): yii\base\ErrorHandler->handleError()
#1 /www/wwwroot/lottery_xl/vendor/yiisoft/yii2/BaseYii.php(293): include()
#2 [internal function]: yii\BaseYii::autoload()
#3 /www/wwwroot/lottery_xl/common/kj/qxc/QxcTcw.php(194): spl_autoload_call()
#4 /www/wwwroot/lottery_xl/common/kj/qxc/QxcTcw.php(128): common\kj\qxc\QxcTcw::QixingCaiBatchDatas()
#5 /www/wwwroot/lottery_xl/common/kj/qxc/QxcTcw.php(91): common\kj\qxc\QxcTcw::QixingCaiBatch()
#6 /www/wwwroot/lottery_xl/backend/service/HN0898Service.php(1305): common\kj\qxc\QxcTcw::getTcwOne()
#7 /www/wwwroot/lottery_xl/backend/service/McKeyService.php(22): backend\service\HN0898Service::getCurrentQihao()
#8 /www/wwwroot/lottery_xl/backend/service/StaticService.php(2467): backend\service\McKeyService::buildStaticMKey()
#9 /www/wwwroot/lottery_xl/backend/service/StaticService.php(2283): backend\service\StaticService::isCanOpStatic()
#10 /www/wwwroot/lottery_xl/backend/modules/cron/controllers/IndexController.php(129): backend\service\StaticService::opAllCodeTypeYl()
#11 [internal function]: backend\modules\cron\controllers\IndexController->actionUpdateCodeTypeYl()
#12 /www/wwwroot/lottery_xl/vendor/yiisoft/yii2/base/InlineAction.php(57): call_user_func_array()
#13 /www/wwwroot/lottery_xl/vendor/yiisoft/yii2/base/Controller.php(157): yii\base\InlineAction->runWithParams()
#14 /www/wwwroot/lottery_xl/vendor/yiisoft/yii2/base/Module.php(528): yii\base\Controller->runAction()
#15 /www/wwwroot/lottery_xl/vendor/yiisoft/yii2/web/Application.php(103): yii\base\Module->runAction()
#16 /www/wwwroot/lottery_xl/vendor/yiisoft/yii2/base/Application.php(387): yii\web\Application->handleRequest()
#17 /www/wwwroot/lottery_xl/backend/web/index.php(22): yii\base\Application->run()
#18 {main}
2021-02-23 19:02:01 [127.0.0.1][-][-][info][application] $_GET = []

$_POST = []

$_FILES = []

$_COOKIE = []

$_SERVER = [
    'USER' => 'www'
    'HOME' => '/home/www'
    'HTTP_ACCEPT' => '*/*'
    'HTTP_USER_AGENT' => 'curl/7.61.1'
    'HTTP_HOST' => 'www.lottery.com'
    'PATH_INFO' => ''
    'REDIRECT_STATUS' => '200'
    'SERVER_NAME' => 'lt.sm0898.com'
    'SERVER_PORT' => '80'
    'SERVER_ADDR' => '127.0.0.1'
    'REMOTE_PORT' => '53686'
    'REMOTE_ADDR' => '127.0.0.1'
    'SERVER_SOFTWARE' => 'nginx/1.18.0'
    'GATEWAY_INTERFACE' => 'CGI/1.1'
    'REQUEST_SCHEME' => 'http'
    'SERVER_PROTOCOL' => 'HTTP/1.1'
    'DOCUMENT_ROOT' => '/www/wwwroot/lottery_xl/backend/web'
    'DOCUMENT_URI' => '/index.php'
    'REQUEST_URI' => '/cron/index/update-code-type-yl'
    'SCRIPT_NAME' => '/index.php'
    'CONTENT_LENGTH' => ''
    'CONTENT_TYPE' => ''
    'REQUEST_METHOD' => 'GET'
    'QUERY_STRING' => ''
    'SCRIPT_FILENAME' => '/www/wwwroot/lottery_xl/backend/web/index.php'
    'FCGI_ROLE' => 'RESPONDER'
    'PHP_SELF' => '/index.php'
    'REQUEST_TIME_FLOAT' => 1614078121.6101
    'REQUEST_TIME' => 1614078121
]
2021-02-23 19:02:37 [193.56.28.174][-][-][error][yii\web\HttpException:404] yii\base\InvalidRouteException: Unable to resolve the request ".env". in /www/wwwroot/lottery_xl/vendor/yiisoft/yii2/base/Module.php:537
Stack trace:
#0 /www/wwwroot/lottery_xl/vendor/yiisoft/yii2/web/Application.php(103): yii\base\Module->runAction()
#1 /www/wwwroot/lottery_xl/vendor/yiisoft/yii2/base/Application.php(387): yii\web\Application->handleRequest()
#2 /www/wwwroot/lottery_xl/backend/web/index.php(22): yii\base\Application->run()
#3 {main}

Next yii\web\NotFoundHttpException: 页面未找到。 in /www/wwwroot/lottery_xl/vendor/yiisoft/yii2/web/Application.php:115
Stack trace:
#0 /www/wwwroot/lottery_xl/vendor/yiisoft/yii2/base/Application.php(387): yii\web\Application->handleRequest()
#1 /www/wwwroot/lottery_xl/backend/web/index.php(22): yii\base\Application->run()
#2 {main}
2021-02-23 19:02:37 [193.56.28.174][-][-][info][application] $_GET = []

$_POST = []

$_FILES = []

$_COOKIE = []

$_SERVER = [
    'USER' => 'www'
    'HOME' => '/home/www'
    'HTTP_CONNECTION' => 'keep-alive'
    'HTTP_ACCEPT' => '*/*'
    'HTTP_ACCEPT_ENCODING' => 'gzip, deflate'
    'HTTP_USER_AGENT' => 'Mozilla/5.0 (X11; Linux x86_64) AppleWebKit/537.36 (KHTML, like Gecko) Chrome/81.0.4044.129 Safari/537.36'
    'HTTP_HOST' => '120.77.157.40'
    'PATH_INFO' => ''
    'REDIRECT_STATUS' => '200'
    'SERVER_NAME' => '120.77.157.40'
    'SERVER_PORT' => '80'
    'SERVER_ADDR' => '172.18.225.115'
    'REMOTE_PORT' => '62677'
    'REMOTE_ADDR' => '193.56.28.174'
    'SERVER_SOFTWARE' => 'nginx/1.18.0'
    'GATEWAY_INTERFACE' => 'CGI/1.1'
    'REQUEST_SCHEME' => 'http'
    'SERVER_PROTOCOL' => 'HTTP/1.1'
    'DOCUMENT_ROOT' => '/www/wwwroot/lottery_xl/backend/web'
    'DOCUMENT_URI' => '/index.php'
    'REQUEST_URI' => '/.env'
    'SCRIPT_NAME' => '/index.php'
    'CONTENT_LENGTH' => ''
    'CONTENT_TYPE' => ''
    'REQUEST_METHOD' => 'GET'
    'QUERY_STRING' => ''
    'SCRIPT_FILENAME' => '/www/wwwroot/lottery_xl/backend/web/index.php'
    'FCGI_ROLE' => 'RESPONDER'
    'PHP_SELF' => '/index.php'
    'REQUEST_TIME_FLOAT' => 1614078157.1259
    'REQUEST_TIME' => 1614078157
]
2021-02-23 19:03:01 [127.0.0.1][-][-][error][yii\base\ErrorException:8192] yii\base\ErrorException: The behavior of unparenthesized expressions containing both '.' and '+'/'-' will change in PHP 8: '+'/'-' will take a higher precedence in /www/wwwroot/lottery_xl/common/tools/KjDataGet.php:467
Stack trace:
#0 /www/wwwroot/lottery_xl/vendor/yiisoft/yii2/BaseYii.php(293): yii\base\ErrorHandler->handleError()
#1 /www/wwwroot/lottery_xl/vendor/yiisoft/yii2/BaseYii.php(293): include()
#2 [internal function]: yii\BaseYii::autoload()
#3 /www/wwwroot/lottery_xl/backend/modules/cron/controllers/IndexController.php(170): spl_autoload_call()
#4 [internal function]: backend\modules\cron\controllers\IndexController->actionUpdateNullCodes()
#5 /www/wwwroot/lottery_xl/vendor/yiisoft/yii2/base/InlineAction.php(57): call_user_func_array()
#6 /www/wwwroot/lottery_xl/vendor/yiisoft/yii2/base/Controller.php(157): yii\base\InlineAction->runWithParams()
#7 /www/wwwroot/lottery_xl/vendor/yiisoft/yii2/base/Module.php(528): yii\base\Controller->runAction()
#8 /www/wwwroot/lottery_xl/vendor/yiisoft/yii2/web/Application.php(103): yii\base\Module->runAction()
#9 /www/wwwroot/lottery_xl/vendor/yiisoft/yii2/base/Application.php(387): yii\web\Application->handleRequest()
#10 /www/wwwroot/lottery_xl/backend/web/index.php(22): yii\base\Application->run()
#11 {main}
2021-02-23 19:03:01 [127.0.0.1][-][-][info][application] $_GET = []

$_POST = []

$_FILES = []

$_COOKIE = []

$_SERVER = [
    'USER' => 'www'
    'HOME' => '/home/www'
    'HTTP_ACCEPT' => '*/*'
    'HTTP_USER_AGENT' => 'curl/7.61.1'
    'HTTP_HOST' => 'www.lottery.com'
    'PATH_INFO' => ''
    'REDIRECT_STATUS' => '200'
    'SERVER_NAME' => 'lt.sm0898.com'
    'SERVER_PORT' => '80'
    'SERVER_ADDR' => '127.0.0.1'
    'REMOTE_PORT' => '53780'
    'REMOTE_ADDR' => '127.0.0.1'
    'SERVER_SOFTWARE' => 'nginx/1.18.0'
    'GATEWAY_INTERFACE' => 'CGI/1.1'
    'REQUEST_SCHEME' => 'http'
    'SERVER_PROTOCOL' => 'HTTP/1.1'
    'DOCUMENT_ROOT' => '/www/wwwroot/lottery_xl/backend/web'
    'DOCUMENT_URI' => '/index.php'
    'REQUEST_URI' => '/cron/index/update-null-codes'
    'SCRIPT_NAME' => '/index.php'
    'CONTENT_LENGTH' => ''
    'CONTENT_TYPE' => ''
    'REQUEST_METHOD' => 'GET'
    'QUERY_STRING' => ''
    'SCRIPT_FILENAME' => '/www/wwwroot/lottery_xl/backend/web/index.php'
    'FCGI_ROLE' => 'RESPONDER'
    'PHP_SELF' => '/index.php'
    'REQUEST_TIME_FLOAT' => 1614078181.3242
    'REQUEST_TIME' => 1614078181
]
2021-02-23 19:03:01 [127.0.0.1][-][-][error][yii\base\ErrorException:8192] yii\base\ErrorException: The behavior of unparenthesized expressions containing both '.' and '+'/'-' will change in PHP 8: '+'/'-' will take a higher precedence in /www/wwwroot/lottery_xl/common/tools/KjDataGet.php:467
Stack trace:
#0 /www/wwwroot/lottery_xl/vendor/yiisoft/yii2/BaseYii.php(293): yii\base\ErrorHandler->handleError()
#1 /www/wwwroot/lottery_xl/vendor/yiisoft/yii2/BaseYii.php(293): include()
#2 [internal function]: yii\BaseYii::autoload()
#3 /www/wwwroot/lottery_xl/backend/modules/cron/controllers/IndexController.php(84): spl_autoload_call()
#4 [internal function]: backend\modules\cron\controllers\IndexController->actionGrabKjDataOne()
#5 /www/wwwroot/lottery_xl/vendor/yiisoft/yii2/base/InlineAction.php(57): call_user_func_array()
#6 /www/wwwroot/lottery_xl/vendor/yiisoft/yii2/base/Controller.php(157): yii\base\InlineAction->runWithParams()
#7 /www/wwwroot/lottery_xl/vendor/yiisoft/yii2/base/Module.php(528): yii\base\Controller->runAction()
#8 /www/wwwroot/lottery_xl/vendor/yiisoft/yii2/web/Application.php(103): yii\base\Module->runAction()
#9 /www/wwwroot/lottery_xl/vendor/yiisoft/yii2/base/Application.php(387): yii\web\Application->handleRequest()
#10 /www/wwwroot/lottery_xl/backend/web/index.php(22): yii\base\Application->run()
#11 {main}
2021-02-23 19:03:01 [127.0.0.1][-][-][info][application] $_GET = []

$_POST = []

$_FILES = []

$_COOKIE = []

$_SERVER = [
    'USER' => 'www'
    'HOME' => '/home/www'
    'HTTP_CONTENT_LENGTH' => '24'
    'HTTP_CONTENT_TYPE' => 'application/json'
    'HTTP_ACCEPT' => '*/*'
    'HTTP_USER_AGENT' => 'curl/7.61.1'
    'HTTP_HOST' => 'www.lottery.com'
    'PATH_INFO' => ''
    'REDIRECT_STATUS' => '200'
    'SERVER_NAME' => 'lt.sm0898.com'
    'SERVER_PORT' => '80'
    'SERVER_ADDR' => '127.0.0.1'
    'REMOTE_PORT' => '53784'
    'REMOTE_ADDR' => '127.0.0.1'
    'SERVER_SOFTWARE' => 'nginx/1.18.0'
    'GATEWAY_INTERFACE' => 'CGI/1.1'
    'REQUEST_SCHEME' => 'http'
    'SERVER_PROTOCOL' => 'HTTP/1.1'
    'DOCUMENT_ROOT' => '/www/wwwroot/lottery_xl/backend/web'
    'DOCUMENT_URI' => '/index.php'
    'REQUEST_URI' => '/cron/index/grab-kj-data-one'
    'SCRIPT_NAME' => '/index.php'
    'CONTENT_LENGTH' => '24'
    'CONTENT_TYPE' => 'application/json'
    'REQUEST_METHOD' => 'POST'
    'QUERY_STRING' => ''
    'SCRIPT_FILENAME' => '/www/wwwroot/lottery_xl/backend/web/index.php'
    'FCGI_ROLE' => 'RESPONDER'
    'PHP_SELF' => '/index.php'
    'REQUEST_TIME_FLOAT' => 1614078181.4367
    'REQUEST_TIME' => 1614078181
]
2021-02-23 19:03:01 [127.0.0.1][-][-][error][yii\base\ErrorException:8192] yii\base\ErrorException: Array and string offset access syntax with curly braces is deprecated in /www/wwwroot/lottery_xl/common/tools/Tool_Common.php:111
Stack trace:
#0 /www/wwwroot/lottery_xl/vendor/yiisoft/yii2/BaseYii.php(293): yii\base\ErrorHandler->handleError()
#1 /www/wwwroot/lottery_xl/vendor/yiisoft/yii2/BaseYii.php(293): include()
#2 [internal function]: yii\BaseYii::autoload()
#3 /www/wwwroot/lottery_xl/backend/service/BetService.php(1359): spl_autoload_call()
#4 /www/wwwroot/lottery_xl/backend/service/BaseService.php(62): backend\service\BetService::isLogin()
#5 /www/wwwroot/lottery_xl/backend/modules/cron/controllers/IndexController.php(383): backend\service\BaseService::login()
#6 [internal function]: backend\modules\cron\controllers\IndexController->actionAutoLogin()
#7 /www/wwwroot/lottery_xl/vendor/yiisoft/yii2/base/InlineAction.php(57): call_user_func_array()
#8 /www/wwwroot/lottery_xl/vendor/yiisoft/yii2/base/Controller.php(157): yii\base\InlineAction->runWithParams()
#9 /www/wwwroot/lottery_xl/vendor/yiisoft/yii2/base/Module.php(528): yii\base\Controller->runAction()
#10 /www/wwwroot/lottery_xl/vendor/yiisoft/yii2/web/Application.php(103): yii\base\Module->runAction()
#11 /www/wwwroot/lottery_xl/vendor/yiisoft/yii2/base/Application.php(387): yii\web\Application->handleRequest()
#12 /www/wwwroot/lottery_xl/backend/web/index.php(22): yii\base\Application->run()
#13 {main}
2021-02-23 19:03:01 [127.0.0.1][-][-][info][application] $_GET = []

$_POST = []

$_FILES = []

$_COOKIE = []

$_SERVER = [
    'USER' => 'www'
    'HOME' => '/home/www'
    'HTTP_ACCEPT' => '*/*'
    'HTTP_USER_AGENT' => 'curl/7.61.1'
    'HTTP_HOST' => 'www.lottery.com'
    'PATH_INFO' => ''
    'REDIRECT_STATUS' => '200'
    'SERVER_NAME' => 'lt.sm0898.com'
    'SERVER_PORT' => '80'
    'SERVER_ADDR' => '127.0.0.1'
    'REMOTE_PORT' => '53804'
    'REMOTE_ADDR' => '127.0.0.1'
    'SERVER_SOFTWARE' => 'nginx/1.18.0'
    'GATEWAY_INTERFACE' => 'CGI/1.1'
    'REQUEST_SCHEME' => 'http'
    'SERVER_PROTOCOL' => 'HTTP/1.1'
    'DOCUMENT_ROOT' => '/www/wwwroot/lottery_xl/backend/web'
    'DOCUMENT_URI' => '/index.php'
    'REQUEST_URI' => '/cron/index/auto-login'
    'SCRIPT_NAME' => '/index.php'
    'CONTENT_LENGTH' => ''
    'CONTENT_TYPE' => ''
    'REQUEST_METHOD' => 'GET'
    'QUERY_STRING' => ''
    'SCRIPT_FILENAME' => '/www/wwwroot/lottery_xl/backend/web/index.php'
    'FCGI_ROLE' => 'RESPONDER'
    'PHP_SELF' => '/index.php'
    'REQUEST_TIME_FLOAT' => 1614078181.5626
    'REQUEST_TIME' => 1614078181
]
2021-02-23 19:03:01 [127.0.0.1][-][-][error][yii\base\ErrorException:8192] yii\base\ErrorException: Array and string offset access syntax with curly braces is deprecated in /www/wwwroot/lottery_xl/common/tools/Tool_Common.php:111
Stack trace:
#0 /www/wwwroot/lottery_xl/vendor/yiisoft/yii2/BaseYii.php(293): yii\base\ErrorHandler->handleError()
#1 /www/wwwroot/lottery_xl/vendor/yiisoft/yii2/BaseYii.php(293): include()
#2 [internal function]: yii\BaseYii::autoload()
#3 /www/wwwroot/lottery_xl/backend/service/BetService.php(489): spl_autoload_call()
#4 /www/wwwroot/lottery_xl/backend/service/BetService.php(339): backend\service\BetService::isCanBet()
#5 /www/wwwroot/lottery_xl/backend/service/BetService.php(221): backend\service\BetService::betByUidNew()
#6 /www/wwwroot/lottery_xl/backend/modules/cron/controllers/IndexController.php(246): backend\service\BetService::lotteryBet()
#7 [internal function]: backend\modules\cron\controllers\IndexController::actionBetByUid()
#8 /www/wwwroot/lottery_xl/vendor/yiisoft/yii2/base/InlineAction.php(57): call_user_func_array()
#9 /www/wwwroot/lottery_xl/vendor/yiisoft/yii2/base/Controller.php(157): yii\base\InlineAction->runWithParams()
#10 /www/wwwroot/lottery_xl/vendor/yiisoft/yii2/base/Module.php(528): yii\base\Controller->runAction()
#11 /www/wwwroot/lottery_xl/vendor/yiisoft/yii2/web/Application.php(103): yii\base\Module->runAction()
#12 /www/wwwroot/lottery_xl/vendor/yiisoft/yii2/base/Application.php(387): yii\web\Application->handleRequest()
#13 /www/wwwroot/lottery_xl/backend/web/index.php(22): yii\base\Application->run()
#14 {main}
2021-02-23 19:03:01 [127.0.0.1][-][-][info][application] $_GET = []

$_POST = []

$_FILES = []

$_COOKIE = []

$_SERVER = [
    'USER' => 'www'
    'HOME' => '/home/www'
    'HTTP_CONTENT_LENGTH' => '13'
    'HTTP_CONTENT_TYPE' => 'application/json'
    'HTTP_ACCEPT' => '*/*'
    'HTTP_USER_AGENT' => 'curl/7.61.1'
    'HTTP_HOST' => 'www.lottery.com'
    'PATH_INFO' => ''
    'REDIRECT_STATUS' => '200'
    'SERVER_NAME' => 'lt.sm0898.com'
    'SERVER_PORT' => '80'
    'SERVER_ADDR' => '127.0.0.1'
    'REMOTE_PORT' => '53798'
    'REMOTE_ADDR' => '127.0.0.1'
    'SERVER_SOFTWARE' => 'nginx/1.18.0'
    'GATEWAY_INTERFACE' => 'CGI/1.1'
    'REQUEST_SCHEME' => 'http'
    'SERVER_PROTOCOL' => 'HTTP/1.1'
    'DOCUMENT_ROOT' => '/www/wwwroot/lottery_xl/backend/web'
    'DOCUMENT_URI' => '/index.php'
    'REQUEST_URI' => '/cron/index/bet-by-uid'
    'SCRIPT_NAME' => '/index.php'
    'CONTENT_LENGTH' => '13'
    'CONTENT_TYPE' => 'application/json'
    'REQUEST_METHOD' => 'POST'
    'QUERY_STRING' => ''
    'SCRIPT_FILENAME' => '/www/wwwroot/lottery_xl/backend/web/index.php'
    'FCGI_ROLE' => 'RESPONDER'
    'PHP_SELF' => '/index.php'
    'REQUEST_TIME_FLOAT' => 1614078181.4834
    'REQUEST_TIME' => 1614078181
]
2021-02-23 19:03:01 [127.0.0.1][-][-][error][yii\base\ErrorException:8192] yii\base\ErrorException: Array and string offset access syntax with curly braces is deprecated in /www/wwwroot/lottery_xl/common/tools/Tool_Common.php:111
Stack trace:
#0 /www/wwwroot/lottery_xl/vendor/yiisoft/yii2/BaseYii.php(293): yii\base\ErrorHandler->handleError()
#1 /www/wwwroot/lottery_xl/vendor/yiisoft/yii2/BaseYii.php(293): include()
#2 [internal function]: yii\BaseYii::autoload()
#3 /www/wwwroot/lottery_xl/backend/service/BetService.php(489): spl_autoload_call()
#4 /www/wwwroot/lottery_xl/backend/service/BetService.php(339): backend\service\BetService::isCanBet()
#5 /www/wwwroot/lottery_xl/backend/service/BetService.php(221): backend\service\BetService::betByUidNew()
#6 /www/wwwroot/lottery_xl/backend/modules/cron/controllers/IndexController.php(246): backend\service\BetService::lotteryBet()
#7 [internal function]: backend\modules\cron\controllers\IndexController::actionBetByUid()
#8 /www/wwwroot/lottery_xl/vendor/yiisoft/yii2/base/InlineAction.php(57): call_user_func_array()
#9 /www/wwwroot/lottery_xl/vendor/yiisoft/yii2/base/Controller.php(157): yii\base\InlineAction->runWithParams()
#10 /www/wwwroot/lottery_xl/vendor/yiisoft/yii2/base/Module.php(528): yii\base\Controller->runAction()
#11 /www/wwwroot/lottery_xl/vendor/yiisoft/yii2/web/Application.php(103): yii\base\Module->runAction()
#12 /www/wwwroot/lottery_xl/vendor/yiisoft/yii2/base/Application.php(387): yii\web\Application->handleRequest()
#13 /www/wwwroot/lottery_xl/backend/web/index.php(22): yii\base\Application->run()
#14 {main}
2021-02-23 19:03:01 [127.0.0.1][-][-][info][application] $_GET = []

$_POST = []

$_FILES = []

$_COOKIE = []

$_SERVER = [
    'USER' => 'www'
    'HOME' => '/home/www'
    'HTTP_CONTENT_LENGTH' => '13'
    'HTTP_CONTENT_TYPE' => 'application/json'
    'HTTP_ACCEPT' => '*/*'
    'HTTP_USER_AGENT' => 'curl/7.61.1'
    'HTTP_HOST' => 'www.lottery.com'
    'PATH_INFO' => ''
    'REDIRECT_STATUS' => '200'
    'SERVER_NAME' => 'lt.sm0898.com'
    'SERVER_PORT' => '80'
    'SERVER_ADDR' => '127.0.0.1'
    'REMOTE_PORT' => '53794'
    'REMOTE_ADDR' => '127.0.0.1'
    'SERVER_SOFTWARE' => 'nginx/1.18.0'
    'GATEWAY_INTERFACE' => 'CGI/1.1'
    'REQUEST_SCHEME' => 'http'
    'SERVER_PROTOCOL' => 'HTTP/1.1'
    'DOCUMENT_ROOT' => '/www/wwwroot/lottery_xl/backend/web'
    'DOCUMENT_URI' => '/index.php'
    'REQUEST_URI' => '/cron/index/bet-by-uid'
    'SCRIPT_NAME' => '/index.php'
    'CONTENT_LENGTH' => '13'
    'CONTENT_TYPE' => 'application/json'
    'REQUEST_METHOD' => 'POST'
    'QUERY_STRING' => ''
    'SCRIPT_FILENAME' => '/www/wwwroot/lottery_xl/backend/web/index.php'
    'FCGI_ROLE' => 'RESPONDER'
    'PHP_SELF' => '/index.php'
    'REQUEST_TIME_FLOAT' => 1614078181.4714
    'REQUEST_TIME' => 1614078181
]
2021-02-23 19:03:01 [127.0.0.1][-][-][error][yii\base\ErrorException:8192] yii\base\ErrorException: Array and string offset access syntax with curly braces is deprecated in /www/wwwroot/lottery_xl/common/tools/Tool_Common.php:111
Stack trace:
#0 /www/wwwroot/lottery_xl/vendor/yiisoft/yii2/BaseYii.php(293): yii\base\ErrorHandler->handleError()
#1 /www/wwwroot/lottery_xl/vendor/yiisoft/yii2/BaseYii.php(293): include()
#2 [internal function]: yii\BaseYii::autoload()
#3 /www/wwwroot/lottery_xl/backend/service/SscDataService.php(3017): spl_autoload_call()
#4 /www/wwwroot/lottery_xl/backend/modules/cron/controllers/IndexController.php(430): backend\service\SscDataService::staticPerShuTrueFalse()
#5 [internal function]: backend\modules\cron\controllers\IndexController->actionSetPeiShuTrueFalse()
#6 /www/wwwroot/lottery_xl/vendor/yiisoft/yii2/base/InlineAction.php(57): call_user_func_array()
#7 /www/wwwroot/lottery_xl/vendor/yiisoft/yii2/base/Controller.php(157): yii\base\InlineAction->runWithParams()
#8 /www/wwwroot/lottery_xl/vendor/yiisoft/yii2/base/Module.php(528): yii\base\Controller->runAction()
#9 /www/wwwroot/lottery_xl/vendor/yiisoft/yii2/web/Application.php(103): yii\base\Module->runAction()
#10 /www/wwwroot/lottery_xl/vendor/yiisoft/yii2/base/Application.php(387): yii\web\Application->handleRequest()
#11 /www/wwwroot/lottery_xl/backend/web/index.php(22): yii\base\Application->run()
#12 {main}
2021-02-23 19:03:01 [127.0.0.1][-][-][info][application] $_GET = []

$_POST = []

$_FILES = []

$_COOKIE = []

$_SERVER = [
    'USER' => 'www'
    'HOME' => '/home/www'
    'HTTP_CONTENT_LENGTH' => '24'
    'HTTP_CONTENT_TYPE' => 'application/json'
    'HTTP_ACCEPT' => '*/*'
    'HTTP_USER_AGENT' => 'curl/7.61.1'
    'HTTP_HOST' => 'www.lottery.com'
    'PATH_INFO' => ''
    'REDIRECT_STATUS' => '200'
    'SERVER_NAME' => 'lt.sm0898.com'
    'SERVER_PORT' => '80'
    'SERVER_ADDR' => '127.0.0.1'
    'REMOTE_PORT' => '53792'
    'REMOTE_ADDR' => '127.0.0.1'
    'SERVER_SOFTWARE' => 'nginx/1.18.0'
    'GATEWAY_INTERFACE' => 'CGI/1.1'
    'REQUEST_SCHEME' => 'http'
    'SERVER_PROTOCOL' => 'HTTP/1.1'
    'DOCUMENT_ROOT' => '/www/wwwroot/lottery_xl/backend/web'
    'DOCUMENT_URI' => '/index.php'
    'REQUEST_URI' => '/cron/index/set-pei-shu-true-false'
    'SCRIPT_NAME' => '/index.php'
    'CONTENT_LENGTH' => '24'
    'CONTENT_TYPE' => 'application/json'
    'REQUEST_METHOD' => 'POST'
    'QUERY_STRING' => ''
    'SCRIPT_FILENAME' => '/www/wwwroot/lottery_xl/backend/web/index.php'
    'FCGI_ROLE' => 'RESPONDER'
    'PHP_SELF' => '/index.php'
    'REQUEST_TIME_FLOAT' => 1614078181.46
    'REQUEST_TIME' => 1614078181
]
2021-02-23 19:03:01 [127.0.0.1][-][-][error][yii\base\ErrorException:8192] yii\base\ErrorException: The behavior of unparenthesized expressions containing both '.' and '+'/'-' will change in PHP 8: '+'/'-' will take a higher precedence in /www/wwwroot/lottery_xl/backend/service/NineNine/NineNineNewService.php:1741
Stack trace:
#0 /www/wwwroot/lottery_xl/vendor/yiisoft/yii2/BaseYii.php(293): yii\base\ErrorHandler->handleError()
#1 /www/wwwroot/lottery_xl/vendor/yiisoft/yii2/BaseYii.php(293): include()
#2 [internal function]: yii\BaseYii::autoload()
#3 /www/wwwroot/lottery_xl/backend/service/BaseService.php(148): spl_autoload_call()
#4 /www/wwwroot/lottery_xl/backend/modules/cron/controllers/IndexController.php(370): backend\service\BaseService::synBalance()
#5 [internal function]: backend\modules\cron\controllers\IndexController->actionSynBalance()
#6 /www/wwwroot/lottery_xl/vendor/yiisoft/yii2/base/InlineAction.php(57): call_user_func_array()
#7 /www/wwwroot/lottery_xl/vendor/yiisoft/yii2/base/Controller.php(157): yii\base\InlineAction->runWithParams()
#8 /www/wwwroot/lottery_xl/vendor/yiisoft/yii2/base/Module.php(528): yii\base\Controller->runAction()
#9 /www/wwwroot/lottery_xl/vendor/yiisoft/yii2/web/Application.php(103): yii\base\Module->runAction()
#10 /www/wwwroot/lottery_xl/vendor/yiisoft/yii2/base/Application.php(387): yii\web\Application->handleRequest()
#11 /www/wwwroot/lottery_xl/backend/web/index.php(22): yii\base\Application->run()
#12 {main}
2021-02-23 19:03:01 [127.0.0.1][-][-][info][application] $_GET = []

$_POST = []

$_FILES = []

$_COOKIE = []

$_SERVER = [
    'USER' => 'www'
    'HOME' => '/home/www'
    'HTTP_ACCEPT' => '*/*'
    'HTTP_USER_AGENT' => 'curl/7.61.1'
    'HTTP_HOST' => 'www.lottery.com'
    'PATH_INFO' => ''
    'REDIRECT_STATUS' => '200'
    'SERVER_NAME' => 'lt.sm0898.com'
    'SERVER_PORT' => '80'
    'SERVER_ADDR' => '127.0.0.1'
    'REMOTE_PORT' => '53824'
    'REMOTE_ADDR' => '127.0.0.1'
    'SERVER_SOFTWARE' => 'nginx/1.18.0'
    'GATEWAY_INTERFACE' => 'CGI/1.1'
    'REQUEST_SCHEME' => 'http'
    'SERVER_PROTOCOL' => 'HTTP/1.1'
    'DOCUMENT_ROOT' => '/www/wwwroot/lottery_xl/backend/web'
    'DOCUMENT_URI' => '/index.php'
    'REQUEST_URI' => '/cron/index/syn-balance'
    'SCRIPT_NAME' => '/index.php'
    'CONTENT_LENGTH' => ''
    'CONTENT_TYPE' => ''
    'REQUEST_METHOD' => 'GET'
    'QUERY_STRING' => ''
    'SCRIPT_FILENAME' => '/www/wwwroot/lottery_xl/backend/web/index.php'
    'FCGI_ROLE' => 'RESPONDER'
    'PHP_SELF' => '/index.php'
    'REQUEST_TIME_FLOAT' => 1614078181.7485
    'REQUEST_TIME' => 1614078181
]
2021-02-23 19:03:02 [127.0.0.1][-][-][error][yii\base\ErrorException:8192] yii\base\ErrorException: Array and string offset access syntax with curly braces is deprecated in /www/wwwroot/lottery_xl/common/tools/Tool_Common.php:111
Stack trace:
#0 /www/wwwroot/lottery_xl/vendor/yiisoft/yii2/BaseYii.php(293): yii\base\ErrorHandler->handleError()
#1 /www/wwwroot/lottery_xl/vendor/yiisoft/yii2/BaseYii.php(293): include()
#2 [internal function]: yii\BaseYii::autoload()
#3 /www/wwwroot/lottery_xl/common/kj/qxc/QxcTcw.php(194): spl_autoload_call()
#4 /www/wwwroot/lottery_xl/common/kj/qxc/QxcTcw.php(128): common\kj\qxc\QxcTcw::QixingCaiBatchDatas()
#5 /www/wwwroot/lottery_xl/common/kj/qxc/QxcTcw.php(91): common\kj\qxc\QxcTcw::QixingCaiBatch()
#6 /www/wwwroot/lottery_xl/backend/service/HN0898Service.php(1305): common\kj\qxc\QxcTcw::getTcwOne()
#7 /www/wwwroot/lottery_xl/backend/service/McKeyService.php(22): backend\service\HN0898Service::getCurrentQihao()
#8 /www/wwwroot/lottery_xl/backend/service/StaticService.php(2467): backend\service\McKeyService::buildStaticMKey()
#9 /www/wwwroot/lottery_xl/backend/service/StaticService.php(2283): backend\service\StaticService::isCanOpStatic()
#10 /www/wwwroot/lottery_xl/backend/modules/cron/controllers/IndexController.php(129): backend\service\StaticService::opAllCodeTypeYl()
#11 [internal function]: backend\modules\cron\controllers\IndexController->actionUpdateCodeTypeYl()
#12 /www/wwwroot/lottery_xl/vendor/yiisoft/yii2/base/InlineAction.php(57): call_user_func_array()
#13 /www/wwwroot/lottery_xl/vendor/yiisoft/yii2/base/Controller.php(157): yii\base\InlineAction->runWithParams()
#14 /www/wwwroot/lottery_xl/vendor/yiisoft/yii2/base/Module.php(528): yii\base\Controller->runAction()
#15 /www/wwwroot/lottery_xl/vendor/yiisoft/yii2/web/Application.php(103): yii\base\Module->runAction()
#16 /www/wwwroot/lottery_xl/vendor/yiisoft/yii2/base/Application.php(387): yii\web\Application->handleRequest()
#17 /www/wwwroot/lottery_xl/backend/web/index.php(22): yii\base\Application->run()
#18 {main}
2021-02-23 19:03:01 [127.0.0.1][-][-][info][application] $_GET = []

$_POST = []

$_FILES = []

$_COOKIE = []

$_SERVER = [
    'USER' => 'www'
    'HOME' => '/home/www'
    'HTTP_ACCEPT' => '*/*'
    'HTTP_USER_AGENT' => 'curl/7.61.1'
    'HTTP_HOST' => 'www.lottery.com'
    'PATH_INFO' => ''
    'REDIRECT_STATUS' => '200'
    'SERVER_NAME' => 'lt.sm0898.com'
    'SERVER_PORT' => '80'
    'SERVER_ADDR' => '127.0.0.1'
    'REMOTE_PORT' => '53788'
    'REMOTE_ADDR' => '127.0.0.1'
    'SERVER_SOFTWARE' => 'nginx/1.18.0'
    'GATEWAY_INTERFACE' => 'CGI/1.1'
    'REQUEST_SCHEME' => 'http'
    'SERVER_PROTOCOL' => 'HTTP/1.1'
    'DOCUMENT_ROOT' => '/www/wwwroot/lottery_xl/backend/web'
    'DOCUMENT_URI' => '/index.php'
    'REQUEST_URI' => '/cron/index/update-code-type-yl'
    'SCRIPT_NAME' => '/index.php'
    'CONTENT_LENGTH' => ''
    'CONTENT_TYPE' => ''
    'REQUEST_METHOD' => 'GET'
    'QUERY_STRING' => ''
    'SCRIPT_FILENAME' => '/www/wwwroot/lottery_xl/backend/web/index.php'
    'FCGI_ROLE' => 'RESPONDER'
    'PHP_SELF' => '/index.php'
    'REQUEST_TIME_FLOAT' => 1614078181.4485
    'REQUEST_TIME' => 1614078181
]
2021-02-23 19:03:02 [127.0.0.1][-][-][error][yii\base\ErrorException:8192] yii\base\ErrorException: Array and string offset access syntax with curly braces is deprecated in /www/wwwroot/lottery_xl/common/tools/Tool_Common.php:111
Stack trace:
#0 /www/wwwroot/lottery_xl/vendor/yiisoft/yii2/BaseYii.php(293): yii\base\ErrorHandler->handleError()
#1 /www/wwwroot/lottery_xl/vendor/yiisoft/yii2/BaseYii.php(293): include()
#2 [internal function]: yii\BaseYii::autoload()
#3 /www/wwwroot/lottery_xl/common/kj/qxc/QxcTcw.php(194): spl_autoload_call()
#4 /www/wwwroot/lottery_xl/common/kj/qxc/QxcTcw.php(128): common\kj\qxc\QxcTcw::QixingCaiBatchDatas()
#5 /www/wwwroot/lottery_xl/common/kj/qxc/QxcTcw.php(91): common\kj\qxc\QxcTcw::QixingCaiBatch()
#6 /www/wwwroot/lottery_xl/backend/service/HN0898Service.php(1401): common\kj\qxc\QxcTcw::getTcwOne()
#7 /www/wwwroot/lottery_xl/backend/service/McKeyService.php(22): backend\service\HN0898Service::getCurrentQihao()
#8 /www/wwwroot/lottery_xl/backend/service/StaticService.php(2467): backend\service\McKeyService::buildStaticMKey()
#9 /www/wwwroot/lottery_xl/backend/service/StaticService.php(2132): backend\service\StaticService::isCanOpStatic()
#10 /www/wwwroot/lottery_xl/backend/modules/cron/controllers/IndexController.php(99): backend\service\StaticService::staticAll2NumsYl()
#11 [internal function]: backend\modules\cron\controllers\IndexController->actionOpStatic()
#12 /www/wwwroot/lottery_xl/vendor/yiisoft/yii2/base/InlineAction.php(57): call_user_func_array()
#13 /www/wwwroot/lottery_xl/vendor/yiisoft/yii2/base/Controller.php(157): yii\base\InlineAction->runWithParams()
#14 /www/wwwroot/lottery_xl/vendor/yiisoft/yii2/base/Module.php(528): yii\base\Controller->runAction()
#15 /www/wwwroot/lottery_xl/vendor/yiisoft/yii2/web/Application.php(103): yii\base\Module->runAction()
#16 /www/wwwroot/lottery_xl/vendor/yiisoft/yii2/base/Application.php(387): yii\web\Application->handleRequest()
#17 /www/wwwroot/lottery_xl/backend/web/index.php(22): yii\base\Application->run()
#18 {main}
2021-02-23 19:03:01 [127.0.0.1][-][-][info][application] $_GET = []

$_POST = []

$_FILES = []

$_COOKIE = []

$_SERVER = [
    'USER' => 'www'
    'HOME' => '/home/www'
    'HTTP_ACCEPT' => '*/*'
    'HTTP_USER_AGENT' => 'curl/7.61.1'
    'HTTP_HOST' => 'www.lottery.com'
    'PATH_INFO' => ''
    'REDIRECT_STATUS' => '200'
    'SERVER_NAME' => 'lt.sm0898.com'
    'SERVER_PORT' => '80'
    'SERVER_ADDR' => '127.0.0.1'
    'REMOTE_PORT' => '53796'
    'REMOTE_ADDR' => '127.0.0.1'
    'SERVER_SOFTWARE' => 'nginx/1.18.0'
    'GATEWAY_INTERFACE' => 'CGI/1.1'
    'REQUEST_SCHEME' => 'http'
    'SERVER_PROTOCOL' => 'HTTP/1.1'
    'DOCUMENT_ROOT' => '/www/wwwroot/lottery_xl/backend/web'
    'DOCUMENT_URI' => '/index.php'
    'REQUEST_URI' => '/cron/index/op-static'
    'SCRIPT_NAME' => '/index.php'
    'CONTENT_LENGTH' => ''
    'CONTENT_TYPE' => ''
    'REQUEST_METHOD' => 'GET'
    'QUERY_STRING' => ''
    'SCRIPT_FILENAME' => '/www/wwwroot/lottery_xl/backend/web/index.php'
    'FCGI_ROLE' => 'RESPONDER'
    'PHP_SELF' => '/index.php'
    'REQUEST_TIME_FLOAT' => 1614078181.4715
    'REQUEST_TIME' => 1614078181
]
2021-02-23 19:04:01 [127.0.0.1][-][-][error][yii\base\ErrorException:8192] yii\base\ErrorException: The behavior of unparenthesized expressions containing both '.' and '+'/'-' will change in PHP 8: '+'/'-' will take a higher precedence in /www/wwwroot/lottery_xl/common/tools/KjDataGet.php:467
Stack trace:
#0 /www/wwwroot/lottery_xl/vendor/yiisoft/yii2/BaseYii.php(293): yii\base\ErrorHandler->handleError()
#1 /www/wwwroot/lottery_xl/vendor/yiisoft/yii2/BaseYii.php(293): include()
#2 [internal function]: yii\BaseYii::autoload()
#3 /www/wwwroot/lottery_xl/backend/modules/cron/controllers/IndexController.php(170): spl_autoload_call()
#4 [internal function]: backend\modules\cron\controllers\IndexController->actionUpdateNullCodes()
#5 /www/wwwroot/lottery_xl/vendor/yiisoft/yii2/base/InlineAction.php(57): call_user_func_array()
#6 /www/wwwroot/lottery_xl/vendor/yiisoft/yii2/base/Controller.php(157): yii\base\InlineAction->runWithParams()
#7 /www/wwwroot/lottery_xl/vendor/yiisoft/yii2/base/Module.php(528): yii\base\Controller->runAction()
#8 /www/wwwroot/lottery_xl/vendor/yiisoft/yii2/web/Application.php(103): yii\base\Module->runAction()
#9 /www/wwwroot/lottery_xl/vendor/yiisoft/yii2/base/Application.php(387): yii\web\Application->handleRequest()
#10 /www/wwwroot/lottery_xl/backend/web/index.php(22): yii\base\Application->run()
#11 {main}
2021-02-23 19:04:01 [127.0.0.1][-][-][info][application] $_GET = []

$_POST = []

$_FILES = []

$_COOKIE = []

$_SERVER = [
    'USER' => 'www'
    'HOME' => '/home/www'
    'HTTP_ACCEPT' => '*/*'
    'HTTP_USER_AGENT' => 'curl/7.61.1'
    'HTTP_HOST' => 'www.lottery.com'
    'PATH_INFO' => ''
    'REDIRECT_STATUS' => '200'
    'SERVER_NAME' => 'lt.sm0898.com'
    'SERVER_PORT' => '80'
    'SERVER_ADDR' => '127.0.0.1'
    'REMOTE_PORT' => '53880'
    'REMOTE_ADDR' => '127.0.0.1'
    'SERVER_SOFTWARE' => 'nginx/1.18.0'
    'GATEWAY_INTERFACE' => 'CGI/1.1'
    'REQUEST_SCHEME' => 'http'
    'SERVER_PROTOCOL' => 'HTTP/1.1'
    'DOCUMENT_ROOT' => '/www/wwwroot/lottery_xl/backend/web'
    'DOCUMENT_URI' => '/index.php'
    'REQUEST_URI' => '/cron/index/update-null-codes'
    'SCRIPT_NAME' => '/index.php'
    'CONTENT_LENGTH' => ''
    'CONTENT_TYPE' => ''
    'REQUEST_METHOD' => 'GET'
    'QUERY_STRING' => ''
    'SCRIPT_FILENAME' => '/www/wwwroot/lottery_xl/backend/web/index.php'
    'FCGI_ROLE' => 'RESPONDER'
    'PHP_SELF' => '/index.php'
    'REQUEST_TIME_FLOAT' => 1614078241.5403
    'REQUEST_TIME' => 1614078241
]
2021-02-23 19:04:01 [127.0.0.1][-][-][error][yii\base\ErrorException:8192] yii\base\ErrorException: Array and string offset access syntax with curly braces is deprecated in /www/wwwroot/lottery_xl/common/tools/Tool_Common.php:111
Stack trace:
#0 /www/wwwroot/lottery_xl/vendor/yiisoft/yii2/BaseYii.php(293): yii\base\ErrorHandler->handleError()
#1 /www/wwwroot/lottery_xl/vendor/yiisoft/yii2/BaseYii.php(293): include()
#2 [internal function]: yii\BaseYii::autoload()
#3 /www/wwwroot/lottery_xl/backend/service/SscDataService.php(3017): spl_autoload_call()
#4 /www/wwwroot/lottery_xl/backend/modules/cron/controllers/IndexController.php(430): backend\service\SscDataService::staticPerShuTrueFalse()
#5 [internal function]: backend\modules\cron\controllers\IndexController->actionSetPeiShuTrueFalse()
#6 /www/wwwroot/lottery_xl/vendor/yiisoft/yii2/base/InlineAction.php(57): call_user_func_array()
#7 /www/wwwroot/lottery_xl/vendor/yiisoft/yii2/base/Controller.php(157): yii\base\InlineAction->runWithParams()
#8 /www/wwwroot/lottery_xl/vendor/yiisoft/yii2/base/Module.php(528): yii\base\Controller->runAction()
#9 /www/wwwroot/lottery_xl/vendor/yiisoft/yii2/web/Application.php(103): yii\base\Module->runAction()
#10 /www/wwwroot/lottery_xl/vendor/yiisoft/yii2/base/Application.php(387): yii\web\Application->handleRequest()
#11 /www/wwwroot/lottery_xl/backend/web/index.php(22): yii\base\Application->run()
#12 {main}
2021-02-23 19:04:01 [127.0.0.1][-][-][info][application] $_GET = []

$_POST = []

$_FILES = []

$_COOKIE = []

$_SERVER = [
    'USER' => 'www'
    'HOME' => '/home/www'
    'HTTP_CONTENT_LENGTH' => '24'
    'HTTP_CONTENT_TYPE' => 'application/json'
    'HTTP_ACCEPT' => '*/*'
    'HTTP_USER_AGENT' => 'curl/7.61.1'
    'HTTP_HOST' => 'www.lottery.com'
    'PATH_INFO' => ''
    'REDIRECT_STATUS' => '200'
    'SERVER_NAME' => 'lt.sm0898.com'
    'SERVER_PORT' => '80'
    'SERVER_ADDR' => '127.0.0.1'
    'REMOTE_PORT' => '53868'
    'REMOTE_ADDR' => '127.0.0.1'
    'SERVER_SOFTWARE' => 'nginx/1.18.0'
    'GATEWAY_INTERFACE' => 'CGI/1.1'
    'REQUEST_SCHEME' => 'http'
    'SERVER_PROTOCOL' => 'HTTP/1.1'
    'DOCUMENT_ROOT' => '/www/wwwroot/lottery_xl/backend/web'
    'DOCUMENT_URI' => '/index.php'
    'REQUEST_URI' => '/cron/index/set-pei-shu-true-false'
    'SCRIPT_NAME' => '/index.php'
    'CONTENT_LENGTH' => '24'
    'CONTENT_TYPE' => 'application/json'
    'REQUEST_METHOD' => 'POST'
    'QUERY_STRING' => ''
    'SCRIPT_FILENAME' => '/www/wwwroot/lottery_xl/backend/web/index.php'
    'FCGI_ROLE' => 'RESPONDER'
    'PHP_SELF' => '/index.php'
    'REQUEST_TIME_FLOAT' => 1614078241.437
    'REQUEST_TIME' => 1614078241
]
2021-02-23 19:04:01 [127.0.0.1][-][-][error][yii\base\ErrorException:8192] yii\base\ErrorException: Array and string offset access syntax with curly braces is deprecated in /www/wwwroot/lottery_xl/common/tools/Tool_Common.php:111
Stack trace:
#0 /www/wwwroot/lottery_xl/vendor/yiisoft/yii2/BaseYii.php(293): yii\base\ErrorHandler->handleError()
#1 /www/wwwroot/lottery_xl/vendor/yiisoft/yii2/BaseYii.php(293): include()
#2 [internal function]: yii\BaseYii::autoload()
#3 /www/wwwroot/lottery_xl/backend/service/BetService.php(1359): spl_autoload_call()
#4 /www/wwwroot/lottery_xl/backend/service/BaseService.php(62): backend\service\BetService::isLogin()
#5 /www/wwwroot/lottery_xl/backend/modules/cron/controllers/IndexController.php(383): backend\service\BaseService::login()
#6 [internal function]: backend\modules\cron\controllers\IndexController->actionAutoLogin()
#7 /www/wwwroot/lottery_xl/vendor/yiisoft/yii2/base/InlineAction.php(57): call_user_func_array()
#8 /www/wwwroot/lottery_xl/vendor/yiisoft/yii2/base/Controller.php(157): yii\base\InlineAction->runWithParams()
#9 /www/wwwroot/lottery_xl/vendor/yiisoft/yii2/base/Module.php(528): yii\base\Controller->runAction()
#10 /www/wwwroot/lottery_xl/vendor/yiisoft/yii2/web/Application.php(103): yii\base\Module->runAction()
#11 /www/wwwroot/lottery_xl/vendor/yiisoft/yii2/base/Application.php(387): yii\web\Application->handleRequest()
#12 /www/wwwroot/lottery_xl/backend/web/index.php(22): yii\base\Application->run()
#13 {main}
2021-02-23 19:04:01 [127.0.0.1][-][-][info][application] $_GET = []

$_POST = []

$_FILES = []

$_COOKIE = []

$_SERVER = [
    'USER' => 'www'
    'HOME' => '/home/www'
    'HTTP_ACCEPT' => '*/*'
    'HTTP_USER_AGENT' => 'curl/7.61.1'
    'HTTP_HOST' => 'www.lottery.com'
    'PATH_INFO' => ''
    'REDIRECT_STATUS' => '200'
    'SERVER_NAME' => 'lt.sm0898.com'
    'SERVER_PORT' => '80'
    'SERVER_ADDR' => '127.0.0.1'
    'REMOTE_PORT' => '53888'
    'REMOTE_ADDR' => '127.0.0.1'
    'SERVER_SOFTWARE' => 'nginx/1.18.0'
    'GATEWAY_INTERFACE' => 'CGI/1.1'
    'REQUEST_SCHEME' => 'http'
    'SERVER_PROTOCOL' => 'HTTP/1.1'
    'DOCUMENT_ROOT' => '/www/wwwroot/lottery_xl/backend/web'
    'DOCUMENT_URI' => '/index.php'
    'REQUEST_URI' => '/cron/index/auto-login'
    'SCRIPT_NAME' => '/index.php'
    'CONTENT_LENGTH' => ''
    'CONTENT_TYPE' => ''
    'REQUEST_METHOD' => 'GET'
    'QUERY_STRING' => ''
    'SCRIPT_FILENAME' => '/www/wwwroot/lottery_xl/backend/web/index.php'
    'FCGI_ROLE' => 'RESPONDER'
    'PHP_SELF' => '/index.php'
    'REQUEST_TIME_FLOAT' => 1614078241.5836
    'REQUEST_TIME' => 1614078241
]
2021-02-23 19:04:01 [127.0.0.1][-][-][error][yii\base\ErrorException:8192] yii\base\ErrorException: Array and string offset access syntax with curly braces is deprecated in /www/wwwroot/lottery_xl/common/tools/Tool_Common.php:111
Stack trace:
#0 /www/wwwroot/lottery_xl/vendor/yiisoft/yii2/BaseYii.php(293): yii\base\ErrorHandler->handleError()
#1 /www/wwwroot/lottery_xl/vendor/yiisoft/yii2/BaseYii.php(293): include()
#2 [internal function]: yii\BaseYii::autoload()
#3 /www/wwwroot/lottery_xl/backend/service/BetService.php(489): spl_autoload_call()
#4 /www/wwwroot/lottery_xl/backend/service/BetService.php(339): backend\service\BetService::isCanBet()
#5 /www/wwwroot/lottery_xl/backend/service/BetService.php(221): backend\service\BetService::betByUidNew()
#6 /www/wwwroot/lottery_xl/backend/modules/cron/controllers/IndexController.php(246): backend\service\BetService::lotteryBet()
#7 [internal function]: backend\modules\cron\controllers\IndexController::actionBetByUid()
#8 /www/wwwroot/lottery_xl/vendor/yiisoft/yii2/base/InlineAction.php(57): call_user_func_array()
#9 /www/wwwroot/lottery_xl/vendor/yiisoft/yii2/base/Controller.php(157): yii\base\InlineAction->runWithParams()
#10 /www/wwwroot/lottery_xl/vendor/yiisoft/yii2/base/Module.php(528): yii\base\Controller->runAction()
#11 /www/wwwroot/lottery_xl/vendor/yiisoft/yii2/web/Application.php(103): yii\base\Module->runAction()
#12 /www/wwwroot/lottery_xl/vendor/yiisoft/yii2/base/Application.php(387): yii\web\Application->handleRequest()
#13 /www/wwwroot/lottery_xl/backend/web/index.php(22): yii\base\Application->run()
#14 {main}
2021-02-23 19:04:01 [127.0.0.1][-][-][info][application] $_GET = []

$_POST = []

$_FILES = []

$_COOKIE = []

$_SERVER = [
    'USER' => 'www'
    'HOME' => '/home/www'
    'HTTP_CONTENT_LENGTH' => '13'
    'HTTP_CONTENT_TYPE' => 'application/json'
    'HTTP_ACCEPT' => '*/*'
    'HTTP_USER_AGENT' => 'curl/7.61.1'
    'HTTP_HOST' => 'www.lottery.com'
    'PATH_INFO' => ''
    'REDIRECT_STATUS' => '200'
    'SERVER_NAME' => 'lt.sm0898.com'
    'SERVER_PORT' => '80'
    'SERVER_ADDR' => '127.0.0.1'
    'REMOTE_PORT' => '53872'
    'REMOTE_ADDR' => '127.0.0.1'
    'SERVER_SOFTWARE' => 'nginx/1.18.0'
    'GATEWAY_INTERFACE' => 'CGI/1.1'
    'REQUEST_SCHEME' => 'http'
    'SERVER_PROTOCOL' => 'HTTP/1.1'
    'DOCUMENT_ROOT' => '/www/wwwroot/lottery_xl/backend/web'
    'DOCUMENT_URI' => '/index.php'
    'REQUEST_URI' => '/cron/index/bet-by-uid'
    'SCRIPT_NAME' => '/index.php'
    'CONTENT_LENGTH' => '13'
    'CONTENT_TYPE' => 'application/json'
    'REQUEST_METHOD' => 'POST'
    'QUERY_STRING' => ''
    'SCRIPT_FILENAME' => '/www/wwwroot/lottery_xl/backend/web/index.php'
    'FCGI_ROLE' => 'RESPONDER'
    'PHP_SELF' => '/index.php'
    'REQUEST_TIME_FLOAT' => 1614078241.491
    'REQUEST_TIME' => 1614078241
]
2021-02-23 19:04:01 [127.0.0.1][-][-][error][yii\base\ErrorException:8192] yii\base\ErrorException: The behavior of unparenthesized expressions containing both '.' and '+'/'-' will change in PHP 8: '+'/'-' will take a higher precedence in /www/wwwroot/lottery_xl/common/tools/KjDataGet.php:467
Stack trace:
#0 /www/wwwroot/lottery_xl/vendor/yiisoft/yii2/BaseYii.php(293): yii\base\ErrorHandler->handleError()
#1 /www/wwwroot/lottery_xl/vendor/yiisoft/yii2/BaseYii.php(293): include()
#2 [internal function]: yii\BaseYii::autoload()
#3 /www/wwwroot/lottery_xl/backend/modules/cron/controllers/IndexController.php(84): spl_autoload_call()
#4 [internal function]: backend\modules\cron\controllers\IndexController->actionGrabKjDataOne()
#5 /www/wwwroot/lottery_xl/vendor/yiisoft/yii2/base/InlineAction.php(57): call_user_func_array()
#6 /www/wwwroot/lottery_xl/vendor/yiisoft/yii2/base/Controller.php(157): yii\base\InlineAction->runWithParams()
#7 /www/wwwroot/lottery_xl/vendor/yiisoft/yii2/base/Module.php(528): yii\base\Controller->runAction()
#8 /www/wwwroot/lottery_xl/vendor/yiisoft/yii2/web/Application.php(103): yii\base\Module->runAction()
#9 /www/wwwroot/lottery_xl/vendor/yiisoft/yii2/base/Application.php(387): yii\web\Application->handleRequest()
#10 /www/wwwroot/lottery_xl/backend/web/index.php(22): yii\base\Application->run()
#11 {main}
2021-02-23 19:04:01 [127.0.0.1][-][-][info][application] $_GET = []

$_POST = []

$_FILES = []

$_COOKIE = []

$_SERVER = [
    'USER' => 'www'
    'HOME' => '/home/www'
    'HTTP_CONTENT_LENGTH' => '24'
    'HTTP_CONTENT_TYPE' => 'application/json'
    'HTTP_ACCEPT' => '*/*'
    'HTTP_USER_AGENT' => 'curl/7.61.1'
    'HTTP_HOST' => 'www.lottery.com'
    'PATH_INFO' => ''
    'REDIRECT_STATUS' => '200'
    'SERVER_NAME' => 'lt.sm0898.com'
    'SERVER_PORT' => '80'
    'SERVER_ADDR' => '127.0.0.1'
    'REMOTE_PORT' => '53912'
    'REMOTE_ADDR' => '127.0.0.1'
    'SERVER_SOFTWARE' => 'nginx/1.18.0'
    'GATEWAY_INTERFACE' => 'CGI/1.1'
    'REQUEST_SCHEME' => 'http'
    'SERVER_PROTOCOL' => 'HTTP/1.1'
    'DOCUMENT_ROOT' => '/www/wwwroot/lottery_xl/backend/web'
    'DOCUMENT_URI' => '/index.php'
    'REQUEST_URI' => '/cron/index/grab-kj-data-one'
    'SCRIPT_NAME' => '/index.php'
    'CONTENT_LENGTH' => '24'
    'CONTENT_TYPE' => 'application/json'
    'REQUEST_METHOD' => 'POST'
    'QUERY_STRING' => ''
    'SCRIPT_FILENAME' => '/www/wwwroot/lottery_xl/backend/web/index.php'
    'FCGI_ROLE' => 'RESPONDER'
    'PHP_SELF' => '/index.php'
    'REQUEST_TIME_FLOAT' => 1614078241.777
    'REQUEST_TIME' => 1614078241
]
2021-02-23 19:04:01 [127.0.0.1][-][-][error][yii\base\ErrorException:8192] yii\base\ErrorException: Array and string offset access syntax with curly braces is deprecated in /www/wwwroot/lottery_xl/common/tools/Tool_Common.php:111
Stack trace:
#0 /www/wwwroot/lottery_xl/vendor/yiisoft/yii2/BaseYii.php(293): yii\base\ErrorHandler->handleError()
#1 /www/wwwroot/lottery_xl/vendor/yiisoft/yii2/BaseYii.php(293): include()
#2 [internal function]: yii\BaseYii::autoload()
#3 /www/wwwroot/lottery_xl/backend/service/BetService.php(489): spl_autoload_call()
#4 /www/wwwroot/lottery_xl/backend/service/BetService.php(339): backend\service\BetService::isCanBet()
#5 /www/wwwroot/lottery_xl/backend/service/BetService.php(221): backend\service\BetService::betByUidNew()
#6 /www/wwwroot/lottery_xl/backend/modules/cron/controllers/IndexController.php(246): backend\service\BetService::lotteryBet()
#7 [internal function]: backend\modules\cron\controllers\IndexController::actionBetByUid()
#8 /www/wwwroot/lottery_xl/vendor/yiisoft/yii2/base/InlineAction.php(57): call_user_func_array()
#9 /www/wwwroot/lottery_xl/vendor/yiisoft/yii2/base/Controller.php(157): yii\base\InlineAction->runWithParams()
#10 /www/wwwroot/lottery_xl/vendor/yiisoft/yii2/base/Module.php(528): yii\base\Controller->runAction()
#11 /www/wwwroot/lottery_xl/vendor/yiisoft/yii2/web/Application.php(103): yii\base\Module->runAction()
#12 /www/wwwroot/lottery_xl/vendor/yiisoft/yii2/base/Application.php(387): yii\web\Application->handleRequest()
#13 /www/wwwroot/lottery_xl/backend/web/index.php(22): yii\base\Application->run()
#14 {main}
2021-02-23 19:04:01 [127.0.0.1][-][-][info][application] $_GET = []

$_POST = []

$_FILES = []

$_COOKIE = []

$_SERVER = [
    'USER' => 'www'
    'HOME' => '/home/www'
    'HTTP_CONTENT_LENGTH' => '13'
    'HTTP_CONTENT_TYPE' => 'application/json'
    'HTTP_ACCEPT' => '*/*'
    'HTTP_USER_AGENT' => 'curl/7.61.1'
    'HTTP_HOST' => 'www.lottery.com'
    'PATH_INFO' => ''
    'REDIRECT_STATUS' => '200'
    'SERVER_NAME' => 'lt.sm0898.com'
    'SERVER_PORT' => '80'
    'SERVER_ADDR' => '127.0.0.1'
    'REMOTE_PORT' => '53918'
    'REMOTE_ADDR' => '127.0.0.1'
    'SERVER_SOFTWARE' => 'nginx/1.18.0'
    'GATEWAY_INTERFACE' => 'CGI/1.1'
    'REQUEST_SCHEME' => 'http'
    'SERVER_PROTOCOL' => 'HTTP/1.1'
    'DOCUMENT_ROOT' => '/www/wwwroot/lottery_xl/backend/web'
    'DOCUMENT_URI' => '/index.php'
    'REQUEST_URI' => '/cron/index/bet-by-uid'
    'SCRIPT_NAME' => '/index.php'
    'CONTENT_LENGTH' => '13'
    'CONTENT_TYPE' => 'application/json'
    'REQUEST_METHOD' => 'POST'
    'QUERY_STRING' => ''
    'SCRIPT_FILENAME' => '/www/wwwroot/lottery_xl/backend/web/index.php'
    'FCGI_ROLE' => 'RESPONDER'
    'PHP_SELF' => '/index.php'
    'REQUEST_TIME_FLOAT' => 1614078241.8011
    'REQUEST_TIME' => 1614078241
]
2021-02-23 19:04:01 [127.0.0.1][-][-][error][yii\base\ErrorException:8192] yii\base\ErrorException: The behavior of unparenthesized expressions containing both '.' and '+'/'-' will change in PHP 8: '+'/'-' will take a higher precedence in /www/wwwroot/lottery_xl/backend/service/NineNine/NineNineNewService.php:1741
Stack trace:
#0 /www/wwwroot/lottery_xl/vendor/yiisoft/yii2/BaseYii.php(293): yii\base\ErrorHandler->handleError()
#1 /www/wwwroot/lottery_xl/vendor/yiisoft/yii2/BaseYii.php(293): include()
#2 [internal function]: yii\BaseYii::autoload()
#3 /www/wwwroot/lottery_xl/backend/service/BaseService.php(148): spl_autoload_call()
#4 /www/wwwroot/lottery_xl/backend/modules/cron/controllers/IndexController.php(370): backend\service\BaseService::synBalance()
#5 [internal function]: backend\modules\cron\controllers\IndexController->actionSynBalance()
#6 /www/wwwroot/lottery_xl/vendor/yiisoft/yii2/base/InlineAction.php(57): call_user_func_array()
#7 /www/wwwroot/lottery_xl/vendor/yiisoft/yii2/base/Controller.php(157): yii\base\InlineAction->runWithParams()
#8 /www/wwwroot/lottery_xl/vendor/yiisoft/yii2/base/Module.php(528): yii\base\Controller->runAction()
#9 /www/wwwroot/lottery_xl/vendor/yiisoft/yii2/web/Application.php(103): yii\base\Module->runAction()
#10 /www/wwwroot/lottery_xl/vendor/yiisoft/yii2/base/Application.php(387): yii\web\Application->handleRequest()
#11 /www/wwwroot/lottery_xl/backend/web/index.php(22): yii\base\Application->run()
#12 {main}
2021-02-23 19:04:01 [127.0.0.1][-][-][info][application] $_GET = []

$_POST = []

$_FILES = []

$_COOKIE = []

$_SERVER = [
    'USER' => 'www'
    'HOME' => '/home/www'
    'HTTP_ACCEPT' => '*/*'
    'HTTP_USER_AGENT' => 'curl/7.61.1'
    'HTTP_HOST' => 'www.lottery.com'
    'PATH_INFO' => ''
    'REDIRECT_STATUS' => '200'
    'SERVER_NAME' => 'lt.sm0898.com'
    'SERVER_PORT' => '80'
    'SERVER_ADDR' => '127.0.0.1'
    'REMOTE_PORT' => '53910'
    'REMOTE_ADDR' => '127.0.0.1'
    'SERVER_SOFTWARE' => 'nginx/1.18.0'
    'GATEWAY_INTERFACE' => 'CGI/1.1'
    'REQUEST_SCHEME' => 'http'
    'SERVER_PROTOCOL' => 'HTTP/1.1'
    'DOCUMENT_ROOT' => '/www/wwwroot/lottery_xl/backend/web'
    'DOCUMENT_URI' => '/index.php'
    'REQUEST_URI' => '/cron/index/syn-balance'
    'SCRIPT_NAME' => '/index.php'
    'CONTENT_LENGTH' => ''
    'CONTENT_TYPE' => ''
    'REQUEST_METHOD' => 'GET'
    'QUERY_STRING' => ''
    'SCRIPT_FILENAME' => '/www/wwwroot/lottery_xl/backend/web/index.php'
    'FCGI_ROLE' => 'RESPONDER'
    'PHP_SELF' => '/index.php'
    'REQUEST_TIME_FLOAT' => 1614078241.7027
    'REQUEST_TIME' => 1614078241
]
2021-02-23 19:04:02 [127.0.0.1][-][-][error][yii\base\ErrorException:8192] yii\base\ErrorException: Array and string offset access syntax with curly braces is deprecated in /www/wwwroot/lottery_xl/common/tools/Tool_Common.php:111
Stack trace:
#0 /www/wwwroot/lottery_xl/vendor/yiisoft/yii2/BaseYii.php(293): yii\base\ErrorHandler->handleError()
#1 /www/wwwroot/lottery_xl/vendor/yiisoft/yii2/BaseYii.php(293): include()
#2 [internal function]: yii\BaseYii::autoload()
#3 /www/wwwroot/lottery_xl/common/kj/qxc/QxcTcw.php(194): spl_autoload_call()
#4 /www/wwwroot/lottery_xl/common/kj/qxc/QxcTcw.php(128): common\kj\qxc\QxcTcw::QixingCaiBatchDatas()
#5 /www/wwwroot/lottery_xl/common/kj/qxc/QxcTcw.php(91): common\kj\qxc\QxcTcw::QixingCaiBatch()
#6 /www/wwwroot/lottery_xl/backend/service/HN0898Service.php(1305): common\kj\qxc\QxcTcw::getTcwOne()
#7 /www/wwwroot/lottery_xl/backend/service/McKeyService.php(22): backend\service\HN0898Service::getCurrentQihao()
#8 /www/wwwroot/lottery_xl/backend/service/StaticService.php(2467): backend\service\McKeyService::buildStaticMKey()
#9 /www/wwwroot/lottery_xl/backend/service/StaticService.php(2283): backend\service\StaticService::isCanOpStatic()
#10 /www/wwwroot/lottery_xl/backend/modules/cron/controllers/IndexController.php(129): backend\service\StaticService::opAllCodeTypeYl()
#11 [internal function]: backend\modules\cron\controllers\IndexController->actionUpdateCodeTypeYl()
#12 /www/wwwroot/lottery_xl/vendor/yiisoft/yii2/base/InlineAction.php(57): call_user_func_array()
#13 /www/wwwroot/lottery_xl/vendor/yiisoft/yii2/base/Controller.php(157): yii\base\InlineAction->runWithParams()
#14 /www/wwwroot/lottery_xl/vendor/yiisoft/yii2/base/Module.php(528): yii\base\Controller->runAction()
#15 /www/wwwroot/lottery_xl/vendor/yiisoft/yii2/web/Application.php(103): yii\base\Module->runAction()
#16 /www/wwwroot/lottery_xl/vendor/yiisoft/yii2/base/Application.php(387): yii\web\Application->handleRequest()
#17 /www/wwwroot/lottery_xl/backend/web/index.php(22): yii\base\Application->run()
#18 {main}
2021-02-23 19:04:01 [127.0.0.1][-][-][info][application] $_GET = []

$_POST = []

$_FILES = []

$_COOKIE = []

$_SERVER = [
    'USER' => 'www'
    'HOME' => '/home/www'
    'HTTP_ACCEPT' => '*/*'
    'HTTP_USER_AGENT' => 'curl/7.61.1'
    'HTTP_HOST' => 'www.lottery.com'
    'PATH_INFO' => ''
    'REDIRECT_STATUS' => '200'
    'SERVER_NAME' => 'lt.sm0898.com'
    'SERVER_PORT' => '80'
    'SERVER_ADDR' => '127.0.0.1'
    'REMOTE_PORT' => '53874'
    'REMOTE_ADDR' => '127.0.0.1'
    'SERVER_SOFTWARE' => 'nginx/1.18.0'
    'GATEWAY_INTERFACE' => 'CGI/1.1'
    'REQUEST_SCHEME' => 'http'
    'SERVER_PROTOCOL' => 'HTTP/1.1'
    'DOCUMENT_ROOT' => '/www/wwwroot/lottery_xl/backend/web'
    'DOCUMENT_URI' => '/index.php'
    'REQUEST_URI' => '/cron/index/update-code-type-yl'
    'SCRIPT_NAME' => '/index.php'
    'CONTENT_LENGTH' => ''
    'CONTENT_TYPE' => ''
    'REQUEST_METHOD' => 'GET'
    'QUERY_STRING' => ''
    'SCRIPT_FILENAME' => '/www/wwwroot/lottery_xl/backend/web/index.php'
    'FCGI_ROLE' => 'RESPONDER'
    'PHP_SELF' => '/index.php'
    'REQUEST_TIME_FLOAT' => 1614078241.4995
    'REQUEST_TIME' => 1614078241
]
2021-02-23 19:04:02 [127.0.0.1][-][-][error][yii\base\ErrorException:8192] yii\base\ErrorException: Array and string offset access syntax with curly braces is deprecated in /www/wwwroot/lottery_xl/common/tools/Tool_Common.php:111
Stack trace:
#0 /www/wwwroot/lottery_xl/vendor/yiisoft/yii2/BaseYii.php(293): yii\base\ErrorHandler->handleError()
#1 /www/wwwroot/lottery_xl/vendor/yiisoft/yii2/BaseYii.php(293): include()
#2 [internal function]: yii\BaseYii::autoload()
#3 /www/wwwroot/lottery_xl/common/kj/qxc/QxcTcw.php(194): spl_autoload_call()
#4 /www/wwwroot/lottery_xl/common/kj/qxc/QxcTcw.php(128): common\kj\qxc\QxcTcw::QixingCaiBatchDatas()
#5 /www/wwwroot/lottery_xl/common/kj/qxc/QxcTcw.php(91): common\kj\qxc\QxcTcw::QixingCaiBatch()
#6 /www/wwwroot/lottery_xl/backend/service/HN0898Service.php(1401): common\kj\qxc\QxcTcw::getTcwOne()
#7 /www/wwwroot/lottery_xl/backend/service/McKeyService.php(22): backend\service\HN0898Service::getCurrentQihao()
#8 /www/wwwroot/lottery_xl/backend/service/StaticService.php(2467): backend\service\McKeyService::buildStaticMKey()
#9 /www/wwwroot/lottery_xl/backend/service/StaticService.php(2244): backend\service\StaticService::isCanOpStatic()
#10 /www/wwwroot/lottery_xl/backend/modules/cron/controllers/IndexController.php(115): backend\service\StaticService::opAllStaticProfits()
#11 [internal function]: backend\modules\cron\controllers\IndexController->actionStaticSdProfits()
#12 /www/wwwroot/lottery_xl/vendor/yiisoft/yii2/base/InlineAction.php(57): call_user_func_array()
#13 /www/wwwroot/lottery_xl/vendor/yiisoft/yii2/base/Controller.php(157): yii\base\InlineAction->runWithParams()
#14 /www/wwwroot/lottery_xl/vendor/yiisoft/yii2/base/Module.php(528): yii\base\Controller->runAction()
#15 /www/wwwroot/lottery_xl/vendor/yiisoft/yii2/web/Application.php(103): yii\base\Module->runAction()
#16 /www/wwwroot/lottery_xl/vendor/yiisoft/yii2/base/Application.php(387): yii\web\Application->handleRequest()
#17 /www/wwwroot/lottery_xl/backend/web/index.php(22): yii\base\Application->run()
#18 {main}
2021-02-23 19:04:01 [127.0.0.1][-][-][info][application] $_GET = []

$_POST = []

$_FILES = []

$_COOKIE = []

$_SERVER = [
    'USER' => 'www'
    'HOME' => '/home/www'
    'HTTP_ACCEPT' => '*/*'
    'HTTP_USER_AGENT' => 'curl/7.61.1'
    'HTTP_HOST' => 'www.lottery.com'
    'PATH_INFO' => ''
    'REDIRECT_STATUS' => '200'
    'SERVER_NAME' => 'lt.sm0898.com'
    'SERVER_PORT' => '80'
    'SERVER_ADDR' => '127.0.0.1'
    'REMOTE_PORT' => '53890'
    'REMOTE_ADDR' => '127.0.0.1'
    'SERVER_SOFTWARE' => 'nginx/1.18.0'
    'GATEWAY_INTERFACE' => 'CGI/1.1'
    'REQUEST_SCHEME' => 'http'
    'SERVER_PROTOCOL' => 'HTTP/1.1'
    'DOCUMENT_ROOT' => '/www/wwwroot/lottery_xl/backend/web'
    'DOCUMENT_URI' => '/index.php'
    'REQUEST_URI' => '/cron/index/static-sd-profits'
    'SCRIPT_NAME' => '/index.php'
    'CONTENT_LENGTH' => ''
    'CONTENT_TYPE' => ''
    'REQUEST_METHOD' => 'GET'
    'QUERY_STRING' => ''
    'SCRIPT_FILENAME' => '/www/wwwroot/lottery_xl/backend/web/index.php'
    'FCGI_ROLE' => 'RESPONDER'
    'PHP_SELF' => '/index.php'
    'REQUEST_TIME_FLOAT' => 1614078241.6095
    'REQUEST_TIME' => 1614078241
]
2021-02-23 19:05:01 [127.0.0.1][-][-][error][yii\base\ErrorException:8192] yii\base\ErrorException: The behavior of unparenthesized expressions containing both '.' and '+'/'-' will change in PHP 8: '+'/'-' will take a higher precedence in /www/wwwroot/lottery_xl/common/tools/KjDataGet.php:467
Stack trace:
#0 /www/wwwroot/lottery_xl/vendor/yiisoft/yii2/BaseYii.php(293): yii\base\ErrorHandler->handleError()
#1 /www/wwwroot/lottery_xl/vendor/yiisoft/yii2/BaseYii.php(293): include()
#2 [internal function]: yii\BaseYii::autoload()
#3 /www/wwwroot/lottery_xl/backend/modules/cron/controllers/IndexController.php(170): spl_autoload_call()
#4 [internal function]: backend\modules\cron\controllers\IndexController->actionUpdateNullCodes()
#5 /www/wwwroot/lottery_xl/vendor/yiisoft/yii2/base/InlineAction.php(57): call_user_func_array()
#6 /www/wwwroot/lottery_xl/vendor/yiisoft/yii2/base/Controller.php(157): yii\base\InlineAction->runWithParams()
#7 /www/wwwroot/lottery_xl/vendor/yiisoft/yii2/base/Module.php(528): yii\base\Controller->runAction()
#8 /www/wwwroot/lottery_xl/vendor/yiisoft/yii2/web/Application.php(103): yii\base\Module->runAction()
#9 /www/wwwroot/lottery_xl/vendor/yiisoft/yii2/base/Application.php(387): yii\web\Application->handleRequest()
#10 /www/wwwroot/lottery_xl/backend/web/index.php(22): yii\base\Application->run()
#11 {main}
2021-02-23 19:05:01 [127.0.0.1][-][-][info][application] $_GET = []

$_POST = []

$_FILES = []

$_COOKIE = []

$_SERVER = [
    'USER' => 'www'
    'HOME' => '/home/www'
    'HTTP_ACCEPT' => '*/*'
    'HTTP_USER_AGENT' => 'curl/7.61.1'
    'HTTP_HOST' => 'www.lottery.com'
    'PATH_INFO' => ''
    'REDIRECT_STATUS' => '200'
    'SERVER_NAME' => 'lt.sm0898.com'
    'SERVER_PORT' => '80'
    'SERVER_ADDR' => '127.0.0.1'
    'REMOTE_PORT' => '53988'
    'REMOTE_ADDR' => '127.0.0.1'
    'SERVER_SOFTWARE' => 'nginx/1.18.0'
    'GATEWAY_INTERFACE' => 'CGI/1.1'
    'REQUEST_SCHEME' => 'http'
    'SERVER_PROTOCOL' => 'HTTP/1.1'
    'DOCUMENT_ROOT' => '/www/wwwroot/lottery_xl/backend/web'
    'DOCUMENT_URI' => '/index.php'
    'REQUEST_URI' => '/cron/index/update-null-codes'
    'SCRIPT_NAME' => '/index.php'
    'CONTENT_LENGTH' => ''
    'CONTENT_TYPE' => ''
    'REQUEST_METHOD' => 'GET'
    'QUERY_STRING' => ''
    'SCRIPT_FILENAME' => '/www/wwwroot/lottery_xl/backend/web/index.php'
    'FCGI_ROLE' => 'RESPONDER'
    'PHP_SELF' => '/index.php'
    'REQUEST_TIME_FLOAT' => 1614078301.4702
    'REQUEST_TIME' => 1614078301
]
2021-02-23 19:05:01 [127.0.0.1][-][-][error][yii\base\ErrorException:8192] yii\base\ErrorException: The behavior of unparenthesized expressions containing both '.' and '+'/'-' will change in PHP 8: '+'/'-' will take a higher precedence in /www/wwwroot/lottery_xl/common/tools/KjDataGet.php:467
Stack trace:
#0 /www/wwwroot/lottery_xl/vendor/yiisoft/yii2/BaseYii.php(293): yii\base\ErrorHandler->handleError()
#1 /www/wwwroot/lottery_xl/vendor/yiisoft/yii2/BaseYii.php(293): include()
#2 [internal function]: yii\BaseYii::autoload()
#3 /www/wwwroot/lottery_xl/backend/modules/cron/controllers/IndexController.php(84): spl_autoload_call()
#4 [internal function]: backend\modules\cron\controllers\IndexController->actionGrabKjDataOne()
#5 /www/wwwroot/lottery_xl/vendor/yiisoft/yii2/base/InlineAction.php(57): call_user_func_array()
#6 /www/wwwroot/lottery_xl/vendor/yiisoft/yii2/base/Controller.php(157): yii\base\InlineAction->runWithParams()
#7 /www/wwwroot/lottery_xl/vendor/yiisoft/yii2/base/Module.php(528): yii\base\Controller->runAction()
#8 /www/wwwroot/lottery_xl/vendor/yiisoft/yii2/web/Application.php(103): yii\base\Module->runAction()
#9 /www/wwwroot/lottery_xl/vendor/yiisoft/yii2/base/Application.php(387): yii\web\Application->handleRequest()
#10 /www/wwwroot/lottery_xl/backend/web/index.php(22): yii\base\Application->run()
#11 {main}
2021-02-23 19:05:01 [127.0.0.1][-][-][info][application] $_GET = []

$_POST = []

$_FILES = []

$_COOKIE = []

$_SERVER = [
    'USER' => 'www'
    'HOME' => '/home/www'
    'HTTP_CONTENT_LENGTH' => '24'
    'HTTP_CONTENT_TYPE' => 'application/json'
    'HTTP_ACCEPT' => '*/*'
    'HTTP_USER_AGENT' => 'curl/7.61.1'
    'HTTP_HOST' => 'www.lottery.com'
    'PATH_INFO' => ''
    'REDIRECT_STATUS' => '200'
    'SERVER_NAME' => 'lt.sm0898.com'
    'SERVER_PORT' => '80'
    'SERVER_ADDR' => '127.0.0.1'
    'REMOTE_PORT' => '54018'
    'REMOTE_ADDR' => '127.0.0.1'
    'SERVER_SOFTWARE' => 'nginx/1.18.0'
    'GATEWAY_INTERFACE' => 'CGI/1.1'
    'REQUEST_SCHEME' => 'http'
    'SERVER_PROTOCOL' => 'HTTP/1.1'
    'DOCUMENT_ROOT' => '/www/wwwroot/lottery_xl/backend/web'
    'DOCUMENT_URI' => '/index.php'
    'REQUEST_URI' => '/cron/index/grab-kj-data-one'
    'SCRIPT_NAME' => '/index.php'
    'CONTENT_LENGTH' => '24'
    'CONTENT_TYPE' => 'application/json'
    'REQUEST_METHOD' => 'POST'
    'QUERY_STRING' => ''
    'SCRIPT_FILENAME' => '/www/wwwroot/lottery_xl/backend/web/index.php'
    'FCGI_ROLE' => 'RESPONDER'
    'PHP_SELF' => '/index.php'
    'REQUEST_TIME_FLOAT' => 1614078301.7055
    'REQUEST_TIME' => 1614078301
]
2021-02-23 19:05:01 [127.0.0.1][-][-][error][yii\base\ErrorException:8192] yii\base\ErrorException: The behavior of unparenthesized expressions containing both '.' and '+'/'-' will change in PHP 8: '+'/'-' will take a higher precedence in /www/wwwroot/lottery_xl/backend/service/NineNine/NineNineNewService.php:1741
Stack trace:
#0 /www/wwwroot/lottery_xl/vendor/yiisoft/yii2/BaseYii.php(293): yii\base\ErrorHandler->handleError()
#1 /www/wwwroot/lottery_xl/vendor/yiisoft/yii2/BaseYii.php(293): include()
#2 [internal function]: yii\BaseYii::autoload()
#3 /www/wwwroot/lottery_xl/backend/service/BaseService.php(148): spl_autoload_call()
#4 /www/wwwroot/lottery_xl/backend/modules/cron/controllers/IndexController.php(370): backend\service\BaseService::synBalance()
#5 [internal function]: backend\modules\cron\controllers\IndexController->actionSynBalance()
#6 /www/wwwroot/lottery_xl/vendor/yiisoft/yii2/base/InlineAction.php(57): call_user_func_array()
#7 /www/wwwroot/lottery_xl/vendor/yiisoft/yii2/base/Controller.php(157): yii\base\InlineAction->runWithParams()
#8 /www/wwwroot/lottery_xl/vendor/yiisoft/yii2/base/Module.php(528): yii\base\Controller->runAction()
#9 /www/wwwroot/lottery_xl/vendor/yiisoft/yii2/web/Application.php(103): yii\base\Module->runAction()
#10 /www/wwwroot/lottery_xl/vendor/yiisoft/yii2/base/Application.php(387): yii\web\Application->handleRequest()
#11 /www/wwwroot/lottery_xl/backend/web/index.php(22): yii\base\Application->run()
#12 {main}
2021-02-23 19:05:01 [127.0.0.1][-][-][info][application] $_GET = []

$_POST = []

$_FILES = []

$_COOKIE = []

$_SERVER = [
    'USER' => 'www'
    'HOME' => '/home/www'
    'HTTP_ACCEPT' => '*/*'
    'HTTP_USER_AGENT' => 'curl/7.61.1'
    'HTTP_HOST' => 'www.lottery.com'
    'PATH_INFO' => ''
    'REDIRECT_STATUS' => '200'
    'SERVER_NAME' => 'lt.sm0898.com'
    'SERVER_PORT' => '80'
    'SERVER_ADDR' => '127.0.0.1'
    'REMOTE_PORT' => '54004'
    'REMOTE_ADDR' => '127.0.0.1'
    'SERVER_SOFTWARE' => 'nginx/1.18.0'
    'GATEWAY_INTERFACE' => 'CGI/1.1'
    'REQUEST_SCHEME' => 'http'
    'SERVER_PROTOCOL' => 'HTTP/1.1'
    'DOCUMENT_ROOT' => '/www/wwwroot/lottery_xl/backend/web'
    'DOCUMENT_URI' => '/index.php'
    'REQUEST_URI' => '/cron/index/syn-balance'
    'SCRIPT_NAME' => '/index.php'
    'CONTENT_LENGTH' => ''
    'CONTENT_TYPE' => ''
    'REQUEST_METHOD' => 'GET'
    'QUERY_STRING' => ''
    'SCRIPT_FILENAME' => '/www/wwwroot/lottery_xl/backend/web/index.php'
    'FCGI_ROLE' => 'RESPONDER'
    'PHP_SELF' => '/index.php'
    'REQUEST_TIME_FLOAT' => 1614078301.6114
    'REQUEST_TIME' => 1614078301
]
2021-02-23 19:05:01 [127.0.0.1][-][-][error][yii\base\ErrorException:8192] yii\base\ErrorException: Array and string offset access syntax with curly braces is deprecated in /www/wwwroot/lottery_xl/common/tools/Tool_Common.php:111
Stack trace:
#0 /www/wwwroot/lottery_xl/vendor/yiisoft/yii2/BaseYii.php(293): yii\base\ErrorHandler->handleError()
#1 /www/wwwroot/lottery_xl/vendor/yiisoft/yii2/BaseYii.php(293): include()
#2 [internal function]: yii\BaseYii::autoload()
#3 /www/wwwroot/lottery_xl/backend/service/BetService.php(489): spl_autoload_call()
#4 /www/wwwroot/lottery_xl/backend/service/BetService.php(339): backend\service\BetService::isCanBet()
#5 /www/wwwroot/lottery_xl/backend/service/BetService.php(221): backend\service\BetService::betByUidNew()
#6 /www/wwwroot/lottery_xl/backend/modules/cron/controllers/IndexController.php(246): backend\service\BetService::lotteryBet()
#7 [internal function]: backend\modules\cron\controllers\IndexController::actionBetByUid()
#8 /www/wwwroot/lottery_xl/vendor/yiisoft/yii2/base/InlineAction.php(57): call_user_func_array()
#9 /www/wwwroot/lottery_xl/vendor/yiisoft/yii2/base/Controller.php(157): yii\base\InlineAction->runWithParams()
#10 /www/wwwroot/lottery_xl/vendor/yiisoft/yii2/base/Module.php(528): yii\base\Controller->runAction()
#11 /www/wwwroot/lottery_xl/vendor/yiisoft/yii2/web/Application.php(103): yii\base\Module->runAction()
#12 /www/wwwroot/lottery_xl/vendor/yiisoft/yii2/base/Application.php(387): yii\web\Application->handleRequest()
#13 /www/wwwroot/lottery_xl/backend/web/index.php(22): yii\base\Application->run()
#14 {main}
2021-02-23 19:05:01 [127.0.0.1][-][-][info][application] $_GET = []

$_POST = []

$_FILES = []

$_COOKIE = []

$_SERVER = [
    'USER' => 'www'
    'HOME' => '/home/www'
    'HTTP_CONTENT_LENGTH' => '13'
    'HTTP_CONTENT_TYPE' => 'application/json'
    'HTTP_ACCEPT' => '*/*'
    'HTTP_USER_AGENT' => 'curl/7.61.1'
    'HTTP_HOST' => 'www.lottery.com'
    'PATH_INFO' => ''
    'REDIRECT_STATUS' => '200'
    'SERVER_NAME' => 'lt.sm0898.com'
    'SERVER_PORT' => '80'
    'SERVER_ADDR' => '127.0.0.1'
    'REMOTE_PORT' => '53990'
    'REMOTE_ADDR' => '127.0.0.1'
    'SERVER_SOFTWARE' => 'nginx/1.18.0'
    'GATEWAY_INTERFACE' => 'CGI/1.1'
    'REQUEST_SCHEME' => 'http'
    'SERVER_PROTOCOL' => 'HTTP/1.1'
    'DOCUMENT_ROOT' => '/www/wwwroot/lottery_xl/backend/web'
    'DOCUMENT_URI' => '/index.php'
    'REQUEST_URI' => '/cron/index/bet-by-uid'
    'SCRIPT_NAME' => '/index.php'
    'CONTENT_LENGTH' => '13'
    'CONTENT_TYPE' => 'application/json'
    'REQUEST_METHOD' => 'POST'
    'QUERY_STRING' => ''
    'SCRIPT_FILENAME' => '/www/wwwroot/lottery_xl/backend/web/index.php'
    'FCGI_ROLE' => 'RESPONDER'
    'PHP_SELF' => '/index.php'
    'REQUEST_TIME_FLOAT' => 1614078301.5346
    'REQUEST_TIME' => 1614078301
]
2021-02-23 19:05:01 [127.0.0.1][-][-][error][yii\base\ErrorException:8192] yii\base\ErrorException: Array and string offset access syntax with curly braces is deprecated in /www/wwwroot/lottery_xl/common/tools/Tool_Common.php:111
Stack trace:
#0 /www/wwwroot/lottery_xl/vendor/yiisoft/yii2/BaseYii.php(293): yii\base\ErrorHandler->handleError()
#1 /www/wwwroot/lottery_xl/vendor/yiisoft/yii2/BaseYii.php(293): include()
#2 [internal function]: yii\BaseYii::autoload()
#3 /www/wwwroot/lottery_xl/backend/service/BetService.php(1359): spl_autoload_call()
#4 /www/wwwroot/lottery_xl/backend/service/BaseService.php(62): backend\service\BetService::isLogin()
#5 /www/wwwroot/lottery_xl/backend/modules/cron/controllers/IndexController.php(383): backend\service\BaseService::login()
#6 [internal function]: backend\modules\cron\controllers\IndexController->actionAutoLogin()
#7 /www/wwwroot/lottery_xl/vendor/yiisoft/yii2/base/InlineAction.php(57): call_user_func_array()
#8 /www/wwwroot/lottery_xl/vendor/yiisoft/yii2/base/Controller.php(157): yii\base\InlineAction->runWithParams()
#9 /www/wwwroot/lottery_xl/vendor/yiisoft/yii2/base/Module.php(528): yii\base\Controller->runAction()
#10 /www/wwwroot/lottery_xl/vendor/yiisoft/yii2/web/Application.php(103): yii\base\Module->runAction()
#11 /www/wwwroot/lottery_xl/vendor/yiisoft/yii2/base/Application.php(387): yii\web\Application->handleRequest()
#12 /www/wwwroot/lottery_xl/backend/web/index.php(22): yii\base\Application->run()
#13 {main}
2021-02-23 19:05:01 [127.0.0.1][-][-][info][application] $_GET = []

$_POST = []

$_FILES = []

$_COOKIE = []

$_SERVER = [
    'USER' => 'www'
    'HOME' => '/home/www'
    'HTTP_ACCEPT' => '*/*'
    'HTTP_USER_AGENT' => 'curl/7.61.1'
    'HTTP_HOST' => 'www.lottery.com'
    'PATH_INFO' => ''
    'REDIRECT_STATUS' => '200'
    'SERVER_NAME' => 'lt.sm0898.com'
    'SERVER_PORT' => '80'
    'SERVER_ADDR' => '127.0.0.1'
    'REMOTE_PORT' => '54020'
    'REMOTE_ADDR' => '127.0.0.1'
    'SERVER_SOFTWARE' => 'nginx/1.18.0'
    'GATEWAY_INTERFACE' => 'CGI/1.1'
    'REQUEST_SCHEME' => 'http'
    'SERVER_PROTOCOL' => 'HTTP/1.1'
    'DOCUMENT_ROOT' => '/www/wwwroot/lottery_xl/backend/web'
    'DOCUMENT_URI' => '/index.php'
    'REQUEST_URI' => '/cron/index/auto-login'
    'SCRIPT_NAME' => '/index.php'
    'CONTENT_LENGTH' => ''
    'CONTENT_TYPE' => ''
    'REQUEST_METHOD' => 'GET'
    'QUERY_STRING' => ''
    'SCRIPT_FILENAME' => '/www/wwwroot/lottery_xl/backend/web/index.php'
    'FCGI_ROLE' => 'RESPONDER'
    'PHP_SELF' => '/index.php'
    'REQUEST_TIME_FLOAT' => 1614078301.7137
    'REQUEST_TIME' => 1614078301
]
2021-02-23 19:05:01 [127.0.0.1][-][-][error][yii\base\ErrorException:8192] yii\base\ErrorException: Array and string offset access syntax with curly braces is deprecated in /www/wwwroot/lottery_xl/common/tools/Tool_Common.php:111
Stack trace:
#0 /www/wwwroot/lottery_xl/vendor/yiisoft/yii2/BaseYii.php(293): yii\base\ErrorHandler->handleError()
#1 /www/wwwroot/lottery_xl/vendor/yiisoft/yii2/BaseYii.php(293): include()
#2 [internal function]: yii\BaseYii::autoload()
#3 /www/wwwroot/lottery_xl/backend/service/BetService.php(489): spl_autoload_call()
#4 /www/wwwroot/lottery_xl/backend/service/BetService.php(339): backend\service\BetService::isCanBet()
#5 /www/wwwroot/lottery_xl/backend/service/BetService.php(221): backend\service\BetService::betByUidNew()
#6 /www/wwwroot/lottery_xl/backend/modules/cron/controllers/IndexController.php(246): backend\service\BetService::lotteryBet()
#7 [internal function]: backend\modules\cron\controllers\IndexController::actionBetByUid()
#8 /www/wwwroot/lottery_xl/vendor/yiisoft/yii2/base/InlineAction.php(57): call_user_func_array()
#9 /www/wwwroot/lottery_xl/vendor/yiisoft/yii2/base/Controller.php(157): yii\base\InlineAction->runWithParams()
#10 /www/wwwroot/lottery_xl/vendor/yiisoft/yii2/base/Module.php(528): yii\base\Controller->runAction()
#11 /www/wwwroot/lottery_xl/vendor/yiisoft/yii2/web/Application.php(103): yii\base\Module->runAction()
#12 /www/wwwroot/lottery_xl/vendor/yiisoft/yii2/base/Application.php(387): yii\web\Application->handleRequest()
#13 /www/wwwroot/lottery_xl/backend/web/index.php(22): yii\base\Application->run()
#14 {main}
2021-02-23 19:05:01 [127.0.0.1][-][-][info][application] $_GET = []

$_POST = []

$_FILES = []

$_COOKIE = []

$_SERVER = [
    'USER' => 'www'
    'HOME' => '/home/www'
    'HTTP_CONTENT_LENGTH' => '13'
    'HTTP_CONTENT_TYPE' => 'application/json'
    'HTTP_ACCEPT' => '*/*'
    'HTTP_USER_AGENT' => 'curl/7.61.1'
    'HTTP_HOST' => 'www.lottery.com'
    'PATH_INFO' => ''
    'REDIRECT_STATUS' => '200'
    'SERVER_NAME' => 'lt.sm0898.com'
    'SERVER_PORT' => '80'
    'SERVER_ADDR' => '127.0.0.1'
    'REMOTE_PORT' => '54022'
    'REMOTE_ADDR' => '127.0.0.1'
    'SERVER_SOFTWARE' => 'nginx/1.18.0'
    'GATEWAY_INTERFACE' => 'CGI/1.1'
    'REQUEST_SCHEME' => 'http'
    'SERVER_PROTOCOL' => 'HTTP/1.1'
    'DOCUMENT_ROOT' => '/www/wwwroot/lottery_xl/backend/web'
    'DOCUMENT_URI' => '/index.php'
    'REQUEST_URI' => '/cron/index/bet-by-uid'
    'SCRIPT_NAME' => '/index.php'
    'CONTENT_LENGTH' => '13'
    'CONTENT_TYPE' => 'application/json'
    'REQUEST_METHOD' => 'POST'
    'QUERY_STRING' => ''
    'SCRIPT_FILENAME' => '/www/wwwroot/lottery_xl/backend/web/index.php'
    'FCGI_ROLE' => 'RESPONDER'
    'PHP_SELF' => '/index.php'
    'REQUEST_TIME_FLOAT' => 1614078301.8541
    'REQUEST_TIME' => 1614078301
]
2021-02-23 19:05:02 [127.0.0.1][-][-][error][yii\base\ErrorException:8192] yii\base\ErrorException: Array and string offset access syntax with curly braces is deprecated in /www/wwwroot/lottery_xl/common/tools/Tool_Common.php:111
Stack trace:
#0 /www/wwwroot/lottery_xl/vendor/yiisoft/yii2/BaseYii.php(293): yii\base\ErrorHandler->handleError()
#1 /www/wwwroot/lottery_xl/vendor/yiisoft/yii2/BaseYii.php(293): include()
#2 [internal function]: yii\BaseYii::autoload()
#3 /www/wwwroot/lottery_xl/backend/service/SscDataService.php(3017): spl_autoload_call()
#4 /www/wwwroot/lottery_xl/backend/modules/cron/controllers/IndexController.php(430): backend\service\SscDataService::staticPerShuTrueFalse()
#5 [internal function]: backend\modules\cron\controllers\IndexController->actionSetPeiShuTrueFalse()
#6 /www/wwwroot/lottery_xl/vendor/yiisoft/yii2/base/InlineAction.php(57): call_user_func_array()
#7 /www/wwwroot/lottery_xl/vendor/yiisoft/yii2/base/Controller.php(157): yii\base\InlineAction->runWithParams()
#8 /www/wwwroot/lottery_xl/vendor/yiisoft/yii2/base/Module.php(528): yii\base\Controller->runAction()
#9 /www/wwwroot/lottery_xl/vendor/yiisoft/yii2/web/Application.php(103): yii\base\Module->runAction()
#10 /www/wwwroot/lottery_xl/vendor/yiisoft/yii2/base/Application.php(387): yii\web\Application->handleRequest()
#11 /www/wwwroot/lottery_xl/backend/web/index.php(22): yii\base\Application->run()
#12 {main}
2021-02-23 19:05:01 [127.0.0.1][-][-][info][application] $_GET = []

$_POST = []

$_FILES = []

$_COOKIE = []

$_SERVER = [
    'USER' => 'www'
    'HOME' => '/home/www'
    'HTTP_CONTENT_LENGTH' => '24'
    'HTTP_CONTENT_TYPE' => 'application/json'
    'HTTP_ACCEPT' => '*/*'
    'HTTP_USER_AGENT' => 'curl/7.61.1'
    'HTTP_HOST' => 'www.lottery.com'
    'PATH_INFO' => ''
    'REDIRECT_STATUS' => '200'
    'SERVER_NAME' => 'lt.sm0898.com'
    'SERVER_PORT' => '80'
    'SERVER_ADDR' => '127.0.0.1'
    'REMOTE_PORT' => '54040'
    'REMOTE_ADDR' => '127.0.0.1'
    'SERVER_SOFTWARE' => 'nginx/1.18.0'
    'GATEWAY_INTERFACE' => 'CGI/1.1'
    'REQUEST_SCHEME' => 'http'
    'SERVER_PROTOCOL' => 'HTTP/1.1'
    'DOCUMENT_ROOT' => '/www/wwwroot/lottery_xl/backend/web'
    'DOCUMENT_URI' => '/index.php'
    'REQUEST_URI' => '/cron/index/set-pei-shu-true-false'
    'SCRIPT_NAME' => '/index.php'
    'CONTENT_LENGTH' => '24'
    'CONTENT_TYPE' => 'application/json'
    'REQUEST_METHOD' => 'POST'
    'QUERY_STRING' => ''
    'SCRIPT_FILENAME' => '/www/wwwroot/lottery_xl/backend/web/index.php'
    'FCGI_ROLE' => 'RESPONDER'
    'PHP_SELF' => '/index.php'
    'REQUEST_TIME_FLOAT' => 1614078301.8605
    'REQUEST_TIME' => 1614078301
]
2021-02-23 19:05:02 [127.0.0.1][-][-][error][yii\base\ErrorException:8192] yii\base\ErrorException: Array and string offset access syntax with curly braces is deprecated in /www/wwwroot/lottery_xl/common/tools/Tool_Common.php:111
Stack trace:
#0 /www/wwwroot/lottery_xl/vendor/yiisoft/yii2/BaseYii.php(293): yii\base\ErrorHandler->handleError()
#1 /www/wwwroot/lottery_xl/vendor/yiisoft/yii2/BaseYii.php(293): include()
#2 [internal function]: yii\BaseYii::autoload()
#3 /www/wwwroot/lottery_xl/common/kj/qxc/QxcTcw.php(194): spl_autoload_call()
#4 /www/wwwroot/lottery_xl/common/kj/qxc/QxcTcw.php(128): common\kj\qxc\QxcTcw::QixingCaiBatchDatas()
#5 /www/wwwroot/lottery_xl/common/kj/qxc/QxcTcw.php(91): common\kj\qxc\QxcTcw::QixingCaiBatch()
#6 /www/wwwroot/lottery_xl/backend/service/HN0898Service.php(1305): common\kj\qxc\QxcTcw::getTcwOne()
#7 /www/wwwroot/lottery_xl/backend/service/McKeyService.php(22): backend\service\HN0898Service::getCurrentQihao()
#8 /www/wwwroot/lottery_xl/backend/service/StaticService.php(2467): backend\service\McKeyService::buildStaticMKey()
#9 /www/wwwroot/lottery_xl/backend/service/StaticService.php(2132): backend\service\StaticService::isCanOpStatic()
#10 /www/wwwroot/lottery_xl/backend/modules/cron/controllers/IndexController.php(99): backend\service\StaticService::staticAll2NumsYl()
#11 [internal function]: backend\modules\cron\controllers\IndexController->actionOpStatic()
#12 /www/wwwroot/lottery_xl/vendor/yiisoft/yii2/base/InlineAction.php(57): call_user_func_array()
#13 /www/wwwroot/lottery_xl/vendor/yiisoft/yii2/base/Controller.php(157): yii\base\InlineAction->runWithParams()
#14 /www/wwwroot/lottery_xl/vendor/yiisoft/yii2/base/Module.php(528): yii\base\Controller->runAction()
#15 /www/wwwroot/lottery_xl/vendor/yiisoft/yii2/web/Application.php(103): yii\base\Module->runAction()
#16 /www/wwwroot/lottery_xl/vendor/yiisoft/yii2/base/Application.php(387): yii\web\Application->handleRequest()
#17 /www/wwwroot/lottery_xl/backend/web/index.php(22): yii\base\Application->run()
#18 {main}
2021-02-23 19:05:01 [127.0.0.1][-][-][info][application] $_GET = []

$_POST = []

$_FILES = []

$_COOKIE = []

$_SERVER = [
    'USER' => 'www'
    'HOME' => '/home/www'
    'HTTP_ACCEPT' => '*/*'
    'HTTP_USER_AGENT' => 'curl/7.61.1'
    'HTTP_HOST' => 'www.lottery.com'
    'PATH_INFO' => ''
    'REDIRECT_STATUS' => '200'
    'SERVER_NAME' => 'lt.sm0898.com'
    'SERVER_PORT' => '80'
    'SERVER_ADDR' => '127.0.0.1'
    'REMOTE_PORT' => '54012'
    'REMOTE_ADDR' => '127.0.0.1'
    'SERVER_SOFTWARE' => 'nginx/1.18.0'
    'GATEWAY_INTERFACE' => 'CGI/1.1'
    'REQUEST_SCHEME' => 'http'
    'SERVER_PROTOCOL' => 'HTTP/1.1'
    'DOCUMENT_ROOT' => '/www/wwwroot/lottery_xl/backend/web'
    'DOCUMENT_URI' => '/index.php'
    'REQUEST_URI' => '/cron/index/op-static'
    'SCRIPT_NAME' => '/index.php'
    'CONTENT_LENGTH' => ''
    'CONTENT_TYPE' => ''
    'REQUEST_METHOD' => 'GET'
    'QUERY_STRING' => ''
    'SCRIPT_FILENAME' => '/www/wwwroot/lottery_xl/backend/web/index.php'
    'FCGI_ROLE' => 'RESPONDER'
    'PHP_SELF' => '/index.php'
    'REQUEST_TIME_FLOAT' => 1614078301.6302
    'REQUEST_TIME' => 1614078301
]
2021-02-23 19:05:02 [127.0.0.1][-][-][error][yii\base\ErrorException:8192] yii\base\ErrorException: Array and string offset access syntax with curly braces is deprecated in /www/wwwroot/lottery_xl/common/tools/Tool_Common.php:111
Stack trace:
#0 /www/wwwroot/lottery_xl/vendor/yiisoft/yii2/BaseYii.php(293): yii\base\ErrorHandler->handleError()
#1 /www/wwwroot/lottery_xl/vendor/yiisoft/yii2/BaseYii.php(293): include()
#2 [internal function]: yii\BaseYii::autoload()
#3 /www/wwwroot/lottery_xl/common/kj/qxc/QxcTcw.php(194): spl_autoload_call()
#4 /www/wwwroot/lottery_xl/common/kj/qxc/QxcTcw.php(128): common\kj\qxc\QxcTcw::QixingCaiBatchDatas()
#5 /www/wwwroot/lottery_xl/common/kj/qxc/QxcTcw.php(91): common\kj\qxc\QxcTcw::QixingCaiBatch()
#6 /www/wwwroot/lottery_xl/backend/service/HN0898Service.php(1401): common\kj\qxc\QxcTcw::getTcwOne()
#7 /www/wwwroot/lottery_xl/backend/service/McKeyService.php(22): backend\service\HN0898Service::getCurrentQihao()
#8 /www/wwwroot/lottery_xl/backend/service/StaticService.php(2467): backend\service\McKeyService::buildStaticMKey()
#9 /www/wwwroot/lottery_xl/backend/service/StaticService.php(2283): backend\service\StaticService::isCanOpStatic()
#10 /www/wwwroot/lottery_xl/backend/modules/cron/controllers/IndexController.php(129): backend\service\StaticService::opAllCodeTypeYl()
#11 [internal function]: backend\modules\cron\controllers\IndexController->actionUpdateCodeTypeYl()
#12 /www/wwwroot/lottery_xl/vendor/yiisoft/yii2/base/InlineAction.php(57): call_user_func_array()
#13 /www/wwwroot/lottery_xl/vendor/yiisoft/yii2/base/Controller.php(157): yii\base\InlineAction->runWithParams()
#14 /www/wwwroot/lottery_xl/vendor/yiisoft/yii2/base/Module.php(528): yii\base\Controller->runAction()
#15 /www/wwwroot/lottery_xl/vendor/yiisoft/yii2/web/Application.php(103): yii\base\Module->runAction()
#16 /www/wwwroot/lottery_xl/vendor/yiisoft/yii2/base/Application.php(387): yii\web\Application->handleRequest()
#17 /www/wwwroot/lottery_xl/backend/web/index.php(22): yii\base\Application->run()
#18 {main}
2021-02-23 19:05:01 [127.0.0.1][-][-][info][application] $_GET = []

$_POST = []

$_FILES = []

$_COOKIE = []

$_SERVER = [
    'USER' => 'www'
    'HOME' => '/home/www'
    'HTTP_ACCEPT' => '*/*'
    'HTTP_USER_AGENT' => 'curl/7.61.1'
    'HTTP_HOST' => 'www.lottery.com'
    'PATH_INFO' => ''
    'REDIRECT_STATUS' => '200'
    'SERVER_NAME' => 'lt.sm0898.com'
    'SERVER_PORT' => '80'
    'SERVER_ADDR' => '127.0.0.1'
    'REMOTE_PORT' => '53996'
    'REMOTE_ADDR' => '127.0.0.1'
    'SERVER_SOFTWARE' => 'nginx/1.18.0'
    'GATEWAY_INTERFACE' => 'CGI/1.1'
    'REQUEST_SCHEME' => 'http'
    'SERVER_PROTOCOL' => 'HTTP/1.1'
    'DOCUMENT_ROOT' => '/www/wwwroot/lottery_xl/backend/web'
    'DOCUMENT_URI' => '/index.php'
    'REQUEST_URI' => '/cron/index/update-code-type-yl'
    'SCRIPT_NAME' => '/index.php'
    'CONTENT_LENGTH' => ''
    'CONTENT_TYPE' => ''
    'REQUEST_METHOD' => 'GET'
    'QUERY_STRING' => ''
    'SCRIPT_FILENAME' => '/www/wwwroot/lottery_xl/backend/web/index.php'
    'FCGI_ROLE' => 'RESPONDER'
    'PHP_SELF' => '/index.php'
    'REQUEST_TIME_FLOAT' => 1614078301.5674
    'REQUEST_TIME' => 1614078301
]
2021-02-23 19:06:01 [127.0.0.1][-][-][error][yii\base\ErrorException:8192] yii\base\ErrorException: The behavior of unparenthesized expressions containing both '.' and '+'/'-' will change in PHP 8: '+'/'-' will take a higher precedence in /www/wwwroot/lottery_xl/common/tools/KjDataGet.php:467
Stack trace:
#0 /www/wwwroot/lottery_xl/vendor/yiisoft/yii2/BaseYii.php(293): yii\base\ErrorHandler->handleError()
#1 /www/wwwroot/lottery_xl/vendor/yiisoft/yii2/BaseYii.php(293): include()
#2 [internal function]: yii\BaseYii::autoload()
#3 /www/wwwroot/lottery_xl/backend/modules/cron/controllers/IndexController.php(84): spl_autoload_call()
#4 [internal function]: backend\modules\cron\controllers\IndexController->actionGrabKjDataOne()
#5 /www/wwwroot/lottery_xl/vendor/yiisoft/yii2/base/InlineAction.php(57): call_user_func_array()
#6 /www/wwwroot/lottery_xl/vendor/yiisoft/yii2/base/Controller.php(157): yii\base\InlineAction->runWithParams()
#7 /www/wwwroot/lottery_xl/vendor/yiisoft/yii2/base/Module.php(528): yii\base\Controller->runAction()
#8 /www/wwwroot/lottery_xl/vendor/yiisoft/yii2/web/Application.php(103): yii\base\Module->runAction()
#9 /www/wwwroot/lottery_xl/vendor/yiisoft/yii2/base/Application.php(387): yii\web\Application->handleRequest()
#10 /www/wwwroot/lottery_xl/backend/web/index.php(22): yii\base\Application->run()
#11 {main}
2021-02-23 19:06:01 [127.0.0.1][-][-][info][application] $_GET = []

$_POST = []

$_FILES = []

$_COOKIE = []

$_SERVER = [
    'USER' => 'www'
    'HOME' => '/home/www'
    'HTTP_CONTENT_LENGTH' => '24'
    'HTTP_CONTENT_TYPE' => 'application/json'
    'HTTP_ACCEPT' => '*/*'
    'HTTP_USER_AGENT' => 'curl/7.61.1'
    'HTTP_HOST' => 'www.lottery.com'
    'PATH_INFO' => ''
    'REDIRECT_STATUS' => '200'
    'SERVER_NAME' => 'lt.sm0898.com'
    'SERVER_PORT' => '80'
    'SERVER_ADDR' => '127.0.0.1'
    'REMOTE_PORT' => '54100'
    'REMOTE_ADDR' => '127.0.0.1'
    'SERVER_SOFTWARE' => 'nginx/1.18.0'
    'GATEWAY_INTERFACE' => 'CGI/1.1'
    'REQUEST_SCHEME' => 'http'
    'SERVER_PROTOCOL' => 'HTTP/1.1'
    'DOCUMENT_ROOT' => '/www/wwwroot/lottery_xl/backend/web'
    'DOCUMENT_URI' => '/index.php'
    'REQUEST_URI' => '/cron/index/grab-kj-data-one'
    'SCRIPT_NAME' => '/index.php'
    'CONTENT_LENGTH' => '24'
    'CONTENT_TYPE' => 'application/json'
    'REQUEST_METHOD' => 'POST'
    'QUERY_STRING' => ''
    'SCRIPT_FILENAME' => '/www/wwwroot/lottery_xl/backend/web/index.php'
    'FCGI_ROLE' => 'RESPONDER'
    'PHP_SELF' => '/index.php'
    'REQUEST_TIME_FLOAT' => 1614078361.7972
    'REQUEST_TIME' => 1614078361
]
2021-02-23 19:06:01 [127.0.0.1][-][-][error][yii\base\ErrorException:8192] yii\base\ErrorException: The behavior of unparenthesized expressions containing both '.' and '+'/'-' will change in PHP 8: '+'/'-' will take a higher precedence in /www/wwwroot/lottery_xl/common/tools/KjDataGet.php:467
Stack trace:
#0 /www/wwwroot/lottery_xl/vendor/yiisoft/yii2/BaseYii.php(293): yii\base\ErrorHandler->handleError()
#1 /www/wwwroot/lottery_xl/vendor/yiisoft/yii2/BaseYii.php(293): include()
#2 [internal function]: yii\BaseYii::autoload()
#3 /www/wwwroot/lottery_xl/backend/modules/cron/controllers/IndexController.php(170): spl_autoload_call()
#4 [internal function]: backend\modules\cron\controllers\IndexController->actionUpdateNullCodes()
#5 /www/wwwroot/lottery_xl/vendor/yiisoft/yii2/base/InlineAction.php(57): call_user_func_array()
#6 /www/wwwroot/lottery_xl/vendor/yiisoft/yii2/base/Controller.php(157): yii\base\InlineAction->runWithParams()
#7 /www/wwwroot/lottery_xl/vendor/yiisoft/yii2/base/Module.php(528): yii\base\Controller->runAction()
#8 /www/wwwroot/lottery_xl/vendor/yiisoft/yii2/web/Application.php(103): yii\base\Module->runAction()
#9 /www/wwwroot/lottery_xl/vendor/yiisoft/yii2/base/Application.php(387): yii\web\Application->handleRequest()
#10 /www/wwwroot/lottery_xl/backend/web/index.php(22): yii\base\Application->run()
#11 {main}
2021-02-23 19:06:01 [127.0.0.1][-][-][info][application] $_GET = []

$_POST = []

$_FILES = []

$_COOKIE = []

$_SERVER = [
    'USER' => 'www'
    'HOME' => '/home/www'
    'HTTP_ACCEPT' => '*/*'
    'HTTP_USER_AGENT' => 'curl/7.61.1'
    'HTTP_HOST' => 'www.lottery.com'
    'PATH_INFO' => ''
    'REDIRECT_STATUS' => '200'
    'SERVER_NAME' => 'lt.sm0898.com'
    'SERVER_PORT' => '80'
    'SERVER_ADDR' => '127.0.0.1'
    'REMOTE_PORT' => '54086'
    'REMOTE_ADDR' => '127.0.0.1'
    'SERVER_SOFTWARE' => 'nginx/1.18.0'
    'GATEWAY_INTERFACE' => 'CGI/1.1'
    'REQUEST_SCHEME' => 'http'
    'SERVER_PROTOCOL' => 'HTTP/1.1'
    'DOCUMENT_ROOT' => '/www/wwwroot/lottery_xl/backend/web'
    'DOCUMENT_URI' => '/index.php'
    'REQUEST_URI' => '/cron/index/update-null-codes'
    'SCRIPT_NAME' => '/index.php'
    'CONTENT_LENGTH' => ''
    'CONTENT_TYPE' => ''
    'REQUEST_METHOD' => 'GET'
    'QUERY_STRING' => ''
    'SCRIPT_FILENAME' => '/www/wwwroot/lottery_xl/backend/web/index.php'
    'FCGI_ROLE' => 'RESPONDER'
    'PHP_SELF' => '/index.php'
    'REQUEST_TIME_FLOAT' => 1614078361.772
    'REQUEST_TIME' => 1614078361
]
2021-02-23 19:06:01 [127.0.0.1][-][-][error][yii\base\ErrorException:8192] yii\base\ErrorException: The behavior of unparenthesized expressions containing both '.' and '+'/'-' will change in PHP 8: '+'/'-' will take a higher precedence in /www/wwwroot/lottery_xl/backend/service/NineNine/NineNineNewService.php:1741
Stack trace:
#0 /www/wwwroot/lottery_xl/vendor/yiisoft/yii2/BaseYii.php(293): yii\base\ErrorHandler->handleError()
#1 /www/wwwroot/lottery_xl/vendor/yiisoft/yii2/BaseYii.php(293): include()
#2 [internal function]: yii\BaseYii::autoload()
#3 /www/wwwroot/lottery_xl/backend/service/BaseService.php(148): spl_autoload_call()
#4 /www/wwwroot/lottery_xl/backend/modules/cron/controllers/IndexController.php(370): backend\service\BaseService::synBalance()
#5 [internal function]: backend\modules\cron\controllers\IndexController->actionSynBalance()
#6 /www/wwwroot/lottery_xl/vendor/yiisoft/yii2/base/InlineAction.php(57): call_user_func_array()
#7 /www/wwwroot/lottery_xl/vendor/yiisoft/yii2/base/Controller.php(157): yii\base\InlineAction->runWithParams()
#8 /www/wwwroot/lottery_xl/vendor/yiisoft/yii2/base/Module.php(528): yii\base\Controller->runAction()
#9 /www/wwwroot/lottery_xl/vendor/yiisoft/yii2/web/Application.php(103): yii\base\Module->runAction()
#10 /www/wwwroot/lottery_xl/vendor/yiisoft/yii2/base/Application.php(387): yii\web\Application->handleRequest()
#11 /www/wwwroot/lottery_xl/backend/web/index.php(22): yii\base\Application->run()
#12 {main}
2021-02-23 19:06:01 [127.0.0.1][-][-][info][application] $_GET = []

$_POST = []

$_FILES = []

$_COOKIE = []

$_SERVER = [
    'USER' => 'www'
    'HOME' => '/home/www'
    'HTTP_ACCEPT' => '*/*'
    'HTTP_USER_AGENT' => 'curl/7.61.1'
    'HTTP_HOST' => 'www.lottery.com'
    'PATH_INFO' => ''
    'REDIRECT_STATUS' => '200'
    'SERVER_NAME' => 'lt.sm0898.com'
    'SERVER_PORT' => '80'
    'SERVER_ADDR' => '127.0.0.1'
    'REMOTE_PORT' => '54084'
    'REMOTE_ADDR' => '127.0.0.1'
    'SERVER_SOFTWARE' => 'nginx/1.18.0'
    'GATEWAY_INTERFACE' => 'CGI/1.1'
    'REQUEST_SCHEME' => 'http'
    'SERVER_PROTOCOL' => 'HTTP/1.1'
    'DOCUMENT_ROOT' => '/www/wwwroot/lottery_xl/backend/web'
    'DOCUMENT_URI' => '/index.php'
    'REQUEST_URI' => '/cron/index/syn-balance'
    'SCRIPT_NAME' => '/index.php'
    'CONTENT_LENGTH' => ''
    'CONTENT_TYPE' => ''
    'REQUEST_METHOD' => 'GET'
    'QUERY_STRING' => ''
    'SCRIPT_FILENAME' => '/www/wwwroot/lottery_xl/backend/web/index.php'
    'FCGI_ROLE' => 'RESPONDER'
    'PHP_SELF' => '/index.php'
    'REQUEST_TIME_FLOAT' => 1614078361.7608
    'REQUEST_TIME' => 1614078361
]
2021-02-23 19:06:01 [127.0.0.1][-][-][error][yii\base\ErrorException:8192] yii\base\ErrorException: Array and string offset access syntax with curly braces is deprecated in /www/wwwroot/lottery_xl/common/tools/Tool_Common.php:111
Stack trace:
#0 /www/wwwroot/lottery_xl/vendor/yiisoft/yii2/BaseYii.php(293): yii\base\ErrorHandler->handleError()
#1 /www/wwwroot/lottery_xl/vendor/yiisoft/yii2/BaseYii.php(293): include()
#2 [internal function]: yii\BaseYii::autoload()
#3 /www/wwwroot/lottery_xl/backend/service/BetService.php(1359): spl_autoload_call()
#4 /www/wwwroot/lottery_xl/backend/service/BaseService.php(62): backend\service\BetService::isLogin()
#5 /www/wwwroot/lottery_xl/backend/modules/cron/controllers/IndexController.php(383): backend\service\BaseService::login()
#6 [internal function]: backend\modules\cron\controllers\IndexController->actionAutoLogin()
#7 /www/wwwroot/lottery_xl/vendor/yiisoft/yii2/base/InlineAction.php(57): call_user_func_array()
#8 /www/wwwroot/lottery_xl/vendor/yiisoft/yii2/base/Controller.php(157): yii\base\InlineAction->runWithParams()
#9 /www/wwwroot/lottery_xl/vendor/yiisoft/yii2/base/Module.php(528): yii\base\Controller->runAction()
#10 /www/wwwroot/lottery_xl/vendor/yiisoft/yii2/web/Application.php(103): yii\base\Module->runAction()
#11 /www/wwwroot/lottery_xl/vendor/yiisoft/yii2/base/Application.php(387): yii\web\Application->handleRequest()
#12 /www/wwwroot/lottery_xl/backend/web/index.php(22): yii\base\Application->run()
#13 {main}
2021-02-23 19:06:01 [127.0.0.1][-][-][info][application] $_GET = []

$_POST = []

$_FILES = []

$_COOKIE = []

$_SERVER = [
    'USER' => 'www'
    'HOME' => '/home/www'
    'HTTP_ACCEPT' => '*/*'
    'HTTP_USER_AGENT' => 'curl/7.61.1'
    'HTTP_HOST' => 'www.lottery.com'
    'PATH_INFO' => ''
    'REDIRECT_STATUS' => '200'
    'SERVER_NAME' => 'lt.sm0898.com'
    'SERVER_PORT' => '80'
    'SERVER_ADDR' => '127.0.0.1'
    'REMOTE_PORT' => '54094'
    'REMOTE_ADDR' => '127.0.0.1'
    'SERVER_SOFTWARE' => 'nginx/1.18.0'
    'GATEWAY_INTERFACE' => 'CGI/1.1'
    'REQUEST_SCHEME' => 'http'
    'SERVER_PROTOCOL' => 'HTTP/1.1'
    'DOCUMENT_ROOT' => '/www/wwwroot/lottery_xl/backend/web'
    'DOCUMENT_URI' => '/index.php'
    'REQUEST_URI' => '/cron/index/auto-login'
    'SCRIPT_NAME' => '/index.php'
    'CONTENT_LENGTH' => ''
    'CONTENT_TYPE' => ''
    'REQUEST_METHOD' => 'GET'
    'QUERY_STRING' => ''
    'SCRIPT_FILENAME' => '/www/wwwroot/lottery_xl/backend/web/index.php'
    'FCGI_ROLE' => 'RESPONDER'
    'PHP_SELF' => '/index.php'
    'REQUEST_TIME_FLOAT' => 1614078361.785
    'REQUEST_TIME' => 1614078361
]
2021-02-23 19:06:02 [127.0.0.1][-][-][error][yii\base\ErrorException:8192] yii\base\ErrorException: Array and string offset access syntax with curly braces is deprecated in /www/wwwroot/lottery_xl/common/tools/Tool_Common.php:111
Stack trace:
#0 /www/wwwroot/lottery_xl/vendor/yiisoft/yii2/BaseYii.php(293): yii\base\ErrorHandler->handleError()
#1 /www/wwwroot/lottery_xl/vendor/yiisoft/yii2/BaseYii.php(293): include()
#2 [internal function]: yii\BaseYii::autoload()
#3 /www/wwwroot/lottery_xl/backend/service/BetService.php(489): spl_autoload_call()
#4 /www/wwwroot/lottery_xl/backend/service/BetService.php(339): backend\service\BetService::isCanBet()
#5 /www/wwwroot/lottery_xl/backend/service/BetService.php(221): backend\service\BetService::betByUidNew()
#6 /www/wwwroot/lottery_xl/backend/modules/cron/controllers/IndexController.php(246): backend\service\BetService::lotteryBet()
#7 [internal function]: backend\modules\cron\controllers\IndexController::actionBetByUid()
#8 /www/wwwroot/lottery_xl/vendor/yiisoft/yii2/base/InlineAction.php(57): call_user_func_array()
#9 /www/wwwroot/lottery_xl/vendor/yiisoft/yii2/base/Controller.php(157): yii\base\InlineAction->runWithParams()
#10 /www/wwwroot/lottery_xl/vendor/yiisoft/yii2/base/Module.php(528): yii\base\Controller->runAction()
#11 /www/wwwroot/lottery_xl/vendor/yiisoft/yii2/web/Application.php(103): yii\base\Module->runAction()
#12 /www/wwwroot/lottery_xl/vendor/yiisoft/yii2/base/Application.php(387): yii\web\Application->handleRequest()
#13 /www/wwwroot/lottery_xl/backend/web/index.php(22): yii\base\Application->run()
#14 {main}
2021-02-23 19:06:01 [127.0.0.1][-][-][info][application] $_GET = []

$_POST = []

$_FILES = []

$_COOKIE = []

$_SERVER = [
    'USER' => 'www'
    'HOME' => '/home/www'
    'HTTP_CONTENT_LENGTH' => '13'
    'HTTP_CONTENT_TYPE' => 'application/json'
    'HTTP_ACCEPT' => '*/*'
    'HTTP_USER_AGENT' => 'curl/7.61.1'
    'HTTP_HOST' => 'www.lottery.com'
    'PATH_INFO' => ''
    'REDIRECT_STATUS' => '200'
    'SERVER_NAME' => 'lt.sm0898.com'
    'SERVER_PORT' => '80'
    'SERVER_ADDR' => '127.0.0.1'
    'REMOTE_PORT' => '54088'
    'REMOTE_ADDR' => '127.0.0.1'
    'SERVER_SOFTWARE' => 'nginx/1.18.0'
    'GATEWAY_INTERFACE' => 'CGI/1.1'
    'REQUEST_SCHEME' => 'http'
    'SERVER_PROTOCOL' => 'HTTP/1.1'
    'DOCUMENT_ROOT' => '/www/wwwroot/lottery_xl/backend/web'
    'DOCUMENT_URI' => '/index.php'
    'REQUEST_URI' => '/cron/index/bet-by-uid'
    'SCRIPT_NAME' => '/index.php'
    'CONTENT_LENGTH' => '13'
    'CONTENT_TYPE' => 'application/json'
    'REQUEST_METHOD' => 'POST'
    'QUERY_STRING' => ''
    'SCRIPT_FILENAME' => '/www/wwwroot/lottery_xl/backend/web/index.php'
    'FCGI_ROLE' => 'RESPONDER'
    'PHP_SELF' => '/index.php'
    'REQUEST_TIME_FLOAT' => 1614078361.7728
    'REQUEST_TIME' => 1614078361
]
2021-02-23 19:06:02 [127.0.0.1][-][-][error][yii\base\ErrorException:8192] yii\base\ErrorException: Array and string offset access syntax with curly braces is deprecated in /www/wwwroot/lottery_xl/common/tools/Tool_Common.php:111
Stack trace:
#0 /www/wwwroot/lottery_xl/vendor/yiisoft/yii2/BaseYii.php(293): yii\base\ErrorHandler->handleError()
#1 /www/wwwroot/lottery_xl/vendor/yiisoft/yii2/BaseYii.php(293): include()
#2 [internal function]: yii\BaseYii::autoload()
#3 /www/wwwroot/lottery_xl/backend/service/BetService.php(489): spl_autoload_call()
#4 /www/wwwroot/lottery_xl/backend/service/BetService.php(339): backend\service\BetService::isCanBet()
#5 /www/wwwroot/lottery_xl/backend/service/BetService.php(221): backend\service\BetService::betByUidNew()
#6 /www/wwwroot/lottery_xl/backend/modules/cron/controllers/IndexController.php(246): backend\service\BetService::lotteryBet()
#7 [internal function]: backend\modules\cron\controllers\IndexController::actionBetByUid()
#8 /www/wwwroot/lottery_xl/vendor/yiisoft/yii2/base/InlineAction.php(57): call_user_func_array()
#9 /www/wwwroot/lottery_xl/vendor/yiisoft/yii2/base/Controller.php(157): yii\base\InlineAction->runWithParams()
#10 /www/wwwroot/lottery_xl/vendor/yiisoft/yii2/base/Module.php(528): yii\base\Controller->runAction()
#11 /www/wwwroot/lottery_xl/vendor/yiisoft/yii2/web/Application.php(103): yii\base\Module->runAction()
#12 /www/wwwroot/lottery_xl/vendor/yiisoft/yii2/base/Application.php(387): yii\web\Application->handleRequest()
#13 /www/wwwroot/lottery_xl/backend/web/index.php(22): yii\base\Application->run()
#14 {main}
2021-02-23 19:06:02 [127.0.0.1][-][-][info][application] $_GET = []

$_POST = []

$_FILES = []

$_COOKIE = []

$_SERVER = [
    'USER' => 'www'
    'HOME' => '/home/www'
    'HTTP_CONTENT_LENGTH' => '13'
    'HTTP_CONTENT_TYPE' => 'application/json'
    'HTTP_ACCEPT' => '*/*'
    'HTTP_USER_AGENT' => 'curl/7.61.1'
    'HTTP_HOST' => 'www.lottery.com'
    'PATH_INFO' => ''
    'REDIRECT_STATUS' => '200'
    'SERVER_NAME' => 'lt.sm0898.com'
    'SERVER_PORT' => '80'
    'SERVER_ADDR' => '127.0.0.1'
    'REMOTE_PORT' => '54134'
    'REMOTE_ADDR' => '127.0.0.1'
    'SERVER_SOFTWARE' => 'nginx/1.18.0'
    'GATEWAY_INTERFACE' => 'CGI/1.1'
    'REQUEST_SCHEME' => 'http'
    'SERVER_PROTOCOL' => 'HTTP/1.1'
    'DOCUMENT_ROOT' => '/www/wwwroot/lottery_xl/backend/web'
    'DOCUMENT_URI' => '/index.php'
    'REQUEST_URI' => '/cron/index/bet-by-uid'
    'SCRIPT_NAME' => '/index.php'
    'CONTENT_LENGTH' => '13'
    'CONTENT_TYPE' => 'application/json'
    'REQUEST_METHOD' => 'POST'
    'QUERY_STRING' => ''
    'SCRIPT_FILENAME' => '/www/wwwroot/lottery_xl/backend/web/index.php'
    'FCGI_ROLE' => 'RESPONDER'
    'PHP_SELF' => '/index.php'
    'REQUEST_TIME_FLOAT' => 1614078362.019
    'REQUEST_TIME' => 1614078362
]
2021-02-23 19:06:02 [127.0.0.1][-][-][error][yii\base\ErrorException:8192] yii\base\ErrorException: Array and string offset access syntax with curly braces is deprecated in /www/wwwroot/lottery_xl/common/tools/Tool_Common.php:111
Stack trace:
#0 /www/wwwroot/lottery_xl/vendor/yiisoft/yii2/BaseYii.php(293): yii\base\ErrorHandler->handleError()
#1 /www/wwwroot/lottery_xl/vendor/yiisoft/yii2/BaseYii.php(293): include()
#2 [internal function]: yii\BaseYii::autoload()
#3 /www/wwwroot/lottery_xl/backend/service/SscDataService.php(3017): spl_autoload_call()
#4 /www/wwwroot/lottery_xl/backend/modules/cron/controllers/IndexController.php(430): backend\service\SscDataService::staticPerShuTrueFalse()
#5 [internal function]: backend\modules\cron\controllers\IndexController->actionSetPeiShuTrueFalse()
#6 /www/wwwroot/lottery_xl/vendor/yiisoft/yii2/base/InlineAction.php(57): call_user_func_array()
#7 /www/wwwroot/lottery_xl/vendor/yiisoft/yii2/base/Controller.php(157): yii\base\InlineAction->runWithParams()
#8 /www/wwwroot/lottery_xl/vendor/yiisoft/yii2/base/Module.php(528): yii\base\Controller->runAction()
#9 /www/wwwroot/lottery_xl/vendor/yiisoft/yii2/web/Application.php(103): yii\base\Module->runAction()
#10 /www/wwwroot/lottery_xl/vendor/yiisoft/yii2/base/Application.php(387): yii\web\Application->handleRequest()
#11 /www/wwwroot/lottery_xl/backend/web/index.php(22): yii\base\Application->run()
#12 {main}
2021-02-23 19:06:01 [127.0.0.1][-][-][info][application] $_GET = []

$_POST = []

$_FILES = []

$_COOKIE = []

$_SERVER = [
    'USER' => 'www'
    'HOME' => '/home/www'
    'HTTP_CONTENT_LENGTH' => '24'
    'HTTP_CONTENT_TYPE' => 'application/json'
    'HTTP_ACCEPT' => '*/*'
    'HTTP_USER_AGENT' => 'curl/7.61.1'
    'HTTP_HOST' => 'www.lottery.com'
    'PATH_INFO' => ''
    'REDIRECT_STATUS' => '200'
    'SERVER_NAME' => 'lt.sm0898.com'
    'SERVER_PORT' => '80'
    'SERVER_ADDR' => '127.0.0.1'
    'REMOTE_PORT' => '54092'
    'REMOTE_ADDR' => '127.0.0.1'
    'SERVER_SOFTWARE' => 'nginx/1.18.0'
    'GATEWAY_INTERFACE' => 'CGI/1.1'
    'REQUEST_SCHEME' => 'http'
    'SERVER_PROTOCOL' => 'HTTP/1.1'
    'DOCUMENT_ROOT' => '/www/wwwroot/lottery_xl/backend/web'
    'DOCUMENT_URI' => '/index.php'
    'REQUEST_URI' => '/cron/index/set-pei-shu-true-false'
    'SCRIPT_NAME' => '/index.php'
    'CONTENT_LENGTH' => '24'
    'CONTENT_TYPE' => 'application/json'
    'REQUEST_METHOD' => 'POST'
    'QUERY_STRING' => ''
    'SCRIPT_FILENAME' => '/www/wwwroot/lottery_xl/backend/web/index.php'
    'FCGI_ROLE' => 'RESPONDER'
    'PHP_SELF' => '/index.php'
    'REQUEST_TIME_FLOAT' => 1614078361.773
    'REQUEST_TIME' => 1614078361
]
2021-02-23 19:06:02 [127.0.0.1][-][-][error][yii\base\ErrorException:8192] yii\base\ErrorException: Array and string offset access syntax with curly braces is deprecated in /www/wwwroot/lottery_xl/common/tools/Tool_Common.php:111
Stack trace:
#0 /www/wwwroot/lottery_xl/vendor/yiisoft/yii2/BaseYii.php(293): yii\base\ErrorHandler->handleError()
#1 /www/wwwroot/lottery_xl/vendor/yiisoft/yii2/BaseYii.php(293): include()
#2 [internal function]: yii\BaseYii::autoload()
#3 /www/wwwroot/lottery_xl/common/kj/qxc/QxcTcw.php(194): spl_autoload_call()
#4 /www/wwwroot/lottery_xl/common/kj/qxc/QxcTcw.php(128): common\kj\qxc\QxcTcw::QixingCaiBatchDatas()
#5 /www/wwwroot/lottery_xl/common/kj/qxc/QxcTcw.php(91): common\kj\qxc\QxcTcw::QixingCaiBatch()
#6 /www/wwwroot/lottery_xl/backend/service/HN0898Service.php(1305): common\kj\qxc\QxcTcw::getTcwOne()
#7 /www/wwwroot/lottery_xl/backend/service/McKeyService.php(22): backend\service\HN0898Service::getCurrentQihao()
#8 /www/wwwroot/lottery_xl/backend/service/StaticService.php(2467): backend\service\McKeyService::buildStaticMKey()
#9 /www/wwwroot/lottery_xl/backend/service/StaticService.php(2283): backend\service\StaticService::isCanOpStatic()
#10 /www/wwwroot/lottery_xl/backend/modules/cron/controllers/IndexController.php(129): backend\service\StaticService::opAllCodeTypeYl()
#11 [internal function]: backend\modules\cron\controllers\IndexController->actionUpdateCodeTypeYl()
#12 /www/wwwroot/lottery_xl/vendor/yiisoft/yii2/base/InlineAction.php(57): call_user_func_array()
#13 /www/wwwroot/lottery_xl/vendor/yiisoft/yii2/base/Controller.php(157): yii\base\InlineAction->runWithParams()
#14 /www/wwwroot/lottery_xl/vendor/yiisoft/yii2/base/Module.php(528): yii\base\Controller->runAction()
#15 /www/wwwroot/lottery_xl/vendor/yiisoft/yii2/web/Application.php(103): yii\base\Module->runAction()
#16 /www/wwwroot/lottery_xl/vendor/yiisoft/yii2/base/Application.php(387): yii\web\Application->handleRequest()
#17 /www/wwwroot/lottery_xl/backend/web/index.php(22): yii\base\Application->run()
#18 {main}
2021-02-23 19:06:01 [127.0.0.1][-][-][info][application] $_GET = []

$_POST = []

$_FILES = []

$_COOKIE = []

$_SERVER = [
    'USER' => 'www'
    'HOME' => '/home/www'
    'HTTP_ACCEPT' => '*/*'
    'HTTP_USER_AGENT' => 'curl/7.61.1'
    'HTTP_HOST' => 'www.lottery.com'
    'PATH_INFO' => ''
    'REDIRECT_STATUS' => '200'
    'SERVER_NAME' => 'lt.sm0898.com'
    'SERVER_PORT' => '80'
    'SERVER_ADDR' => '127.0.0.1'
    'REMOTE_PORT' => '54090'
    'REMOTE_ADDR' => '127.0.0.1'
    'SERVER_SOFTWARE' => 'nginx/1.18.0'
    'GATEWAY_INTERFACE' => 'CGI/1.1'
    'REQUEST_SCHEME' => 'http'
    'SERVER_PROTOCOL' => 'HTTP/1.1'
    'DOCUMENT_ROOT' => '/www/wwwroot/lottery_xl/backend/web'
    'DOCUMENT_URI' => '/index.php'
    'REQUEST_URI' => '/cron/index/update-code-type-yl'
    'SCRIPT_NAME' => '/index.php'
    'CONTENT_LENGTH' => ''
    'CONTENT_TYPE' => ''
    'REQUEST_METHOD' => 'GET'
    'QUERY_STRING' => ''
    'SCRIPT_FILENAME' => '/www/wwwroot/lottery_xl/backend/web/index.php'
    'FCGI_ROLE' => 'RESPONDER'
    'PHP_SELF' => '/index.php'
    'REQUEST_TIME_FLOAT' => 1614078361.7729
    'REQUEST_TIME' => 1614078361
]
2021-02-23 19:06:02 [127.0.0.1][-][-][error][yii\base\ErrorException:8192] yii\base\ErrorException: Array and string offset access syntax with curly braces is deprecated in /www/wwwroot/lottery_xl/common/tools/Tool_Common.php:111
Stack trace:
#0 /www/wwwroot/lottery_xl/vendor/yiisoft/yii2/BaseYii.php(293): yii\base\ErrorHandler->handleError()
#1 /www/wwwroot/lottery_xl/vendor/yiisoft/yii2/BaseYii.php(293): include()
#2 [internal function]: yii\BaseYii::autoload()
#3 /www/wwwroot/lottery_xl/common/kj/qxc/QxcTcw.php(194): spl_autoload_call()
#4 /www/wwwroot/lottery_xl/common/kj/qxc/QxcTcw.php(128): common\kj\qxc\QxcTcw::QixingCaiBatchDatas()
#5 /www/wwwroot/lottery_xl/common/kj/qxc/QxcTcw.php(91): common\kj\qxc\QxcTcw::QixingCaiBatch()
#6 /www/wwwroot/lottery_xl/backend/service/HN0898Service.php(1401): common\kj\qxc\QxcTcw::getTcwOne()
#7 /www/wwwroot/lottery_xl/backend/service/McKeyService.php(22): backend\service\HN0898Service::getCurrentQihao()
#8 /www/wwwroot/lottery_xl/backend/service/StaticService.php(2467): backend\service\McKeyService::buildStaticMKey()
#9 /www/wwwroot/lottery_xl/backend/service/StaticService.php(2244): backend\service\StaticService::isCanOpStatic()
#10 /www/wwwroot/lottery_xl/backend/modules/cron/controllers/IndexController.php(115): backend\service\StaticService::opAllStaticProfits()
#11 [internal function]: backend\modules\cron\controllers\IndexController->actionStaticSdProfits()
#12 /www/wwwroot/lottery_xl/vendor/yiisoft/yii2/base/InlineAction.php(57): call_user_func_array()
#13 /www/wwwroot/lottery_xl/vendor/yiisoft/yii2/base/Controller.php(157): yii\base\InlineAction->runWithParams()
#14 /www/wwwroot/lottery_xl/vendor/yiisoft/yii2/base/Module.php(528): yii\base\Controller->runAction()
#15 /www/wwwroot/lottery_xl/vendor/yiisoft/yii2/web/Application.php(103): yii\base\Module->runAction()
#16 /www/wwwroot/lottery_xl/vendor/yiisoft/yii2/base/Application.php(387): yii\web\Application->handleRequest()
#17 /www/wwwroot/lottery_xl/backend/web/index.php(22): yii\base\Application->run()
#18 {main}
2021-02-23 19:06:01 [127.0.0.1][-][-][info][application] $_GET = []

$_POST = []

$_FILES = []

$_COOKIE = []

$_SERVER = [
    'USER' => 'www'
    'HOME' => '/home/www'
    'HTTP_ACCEPT' => '*/*'
    'HTTP_USER_AGENT' => 'curl/7.61.1'
    'HTTP_HOST' => 'www.lottery.com'
    'PATH_INFO' => ''
    'REDIRECT_STATUS' => '200'
    'SERVER_NAME' => 'lt.sm0898.com'
    'SERVER_PORT' => '80'
    'SERVER_ADDR' => '127.0.0.1'
    'REMOTE_PORT' => '54102'
    'REMOTE_ADDR' => '127.0.0.1'
    'SERVER_SOFTWARE' => 'nginx/1.18.0'
    'GATEWAY_INTERFACE' => 'CGI/1.1'
    'REQUEST_SCHEME' => 'http'
    'SERVER_PROTOCOL' => 'HTTP/1.1'
    'DOCUMENT_ROOT' => '/www/wwwroot/lottery_xl/backend/web'
    'DOCUMENT_URI' => '/index.php'
    'REQUEST_URI' => '/cron/index/static-sd-profits'
    'SCRIPT_NAME' => '/index.php'
    'CONTENT_LENGTH' => ''
    'CONTENT_TYPE' => ''
    'REQUEST_METHOD' => 'GET'
    'QUERY_STRING' => ''
    'SCRIPT_FILENAME' => '/www/wwwroot/lottery_xl/backend/web/index.php'
    'FCGI_ROLE' => 'RESPONDER'
    'PHP_SELF' => '/index.php'
    'REQUEST_TIME_FLOAT' => 1614078361.806
    'REQUEST_TIME' => 1614078361
]
2021-02-23 19:10:17 [127.0.0.1][-][-][error][yii\base\ErrorException:2] yii\base\ErrorException: Invalid argument supplied for foreach() in /www/wwwroot/lottery_xl/common/kj/qxc/QxcTcw.php:182
Stack trace:
#0 /www/wwwroot/lottery_xl/common/kj/qxc/QxcTcw.php(182): yii\base\ErrorHandler->handleError()
#1 /www/wwwroot/lottery_xl/common/kj/qxc/QxcTcw.php(128): common\kj\qxc\QxcTcw::QixingCaiBatchDatas()
#2 /www/wwwroot/lottery_xl/common/kj/qxc/QxcTcw.php(91): common\kj\qxc\QxcTcw::QixingCaiBatch()
#3 /www/wwwroot/lottery_xl/backend/service/HN0898Service.php(1401): common\kj\qxc\QxcTcw::getTcwOne()
#4 /www/wwwroot/lottery_xl/backend/service/McKeyService.php(22): backend\service\HN0898Service::getCurrentQihao()
#5 /www/wwwroot/lottery_xl/backend/service/StaticService.php(2467): backend\service\McKeyService::buildStaticMKey()
#6 /www/wwwroot/lottery_xl/backend/service/StaticService.php(2283): backend\service\StaticService::isCanOpStatic()
#7 /www/wwwroot/lottery_xl/backend/modules/cron/controllers/IndexController.php(129): backend\service\StaticService::opAllCodeTypeYl()
#8 [internal function]: backend\modules\cron\controllers\IndexController->actionUpdateCodeTypeYl()
#9 /www/wwwroot/lottery_xl/vendor/yiisoft/yii2/base/InlineAction.php(57): call_user_func_array()
#10 /www/wwwroot/lottery_xl/vendor/yiisoft/yii2/base/Controller.php(157): yii\base\InlineAction->runWithParams()
#11 /www/wwwroot/lottery_xl/vendor/yiisoft/yii2/base/Module.php(528): yii\base\Controller->runAction()
#12 /www/wwwroot/lottery_xl/vendor/yiisoft/yii2/web/Application.php(103): yii\base\Module->runAction()
#13 /www/wwwroot/lottery_xl/vendor/yiisoft/yii2/base/Application.php(387): yii\web\Application->handleRequest()
#14 /www/wwwroot/lottery_xl/backend/web/index.php(23): yii\base\Application->run()
#15 {main}
2021-02-23 19:10:02 [127.0.0.1][-][-][info][application] $_GET = []

$_POST = []

$_FILES = []

$_COOKIE = []

$_SERVER = [
    'USER' => 'www'
    'HOME' => '/home/www'
    'HTTP_ACCEPT' => '*/*'
    'HTTP_USER_AGENT' => 'curl/7.61.1'
    'HTTP_HOST' => 'www.lottery.com'
    'PATH_INFO' => ''
    'REDIRECT_STATUS' => '200'
    'SERVER_NAME' => 'lt.sm0898.com'
    'SERVER_PORT' => '80'
    'SERVER_ADDR' => '127.0.0.1'
    'REMOTE_PORT' => '55074'
    'REMOTE_ADDR' => '127.0.0.1'
    'SERVER_SOFTWARE' => 'nginx/1.18.0'
    'GATEWAY_INTERFACE' => 'CGI/1.1'
    'REQUEST_SCHEME' => 'http'
    'SERVER_PROTOCOL' => 'HTTP/1.1'
    'DOCUMENT_ROOT' => '/www/wwwroot/lottery_xl/backend/web'
    'DOCUMENT_URI' => '/index.php'
    'REQUEST_URI' => '/cron/index/update-code-type-yl'
    'SCRIPT_NAME' => '/index.php'
    'CONTENT_LENGTH' => ''
    'CONTENT_TYPE' => ''
    'REQUEST_METHOD' => 'GET'
    'QUERY_STRING' => ''
    'SCRIPT_FILENAME' => '/www/wwwroot/lottery_xl/backend/web/index.php'
    'FCGI_ROLE' => 'RESPONDER'
    'PHP_SELF' => '/index.php'
    'REQUEST_TIME_FLOAT' => 1614078602.162
    'REQUEST_TIME' => 1614078602
]
2021-02-23 21:33:17 [127.0.0.1][-][-][error][yii\base\ErrorException:2] yii\base\ErrorException: Invalid argument supplied for foreach() in /www/wwwroot/lottery_xl/common/kj/qxc/QxcTcw.php:182
Stack trace:
#0 /www/wwwroot/lottery_xl/common/kj/qxc/QxcTcw.php(182): yii\base\ErrorHandler->handleError()
#1 /www/wwwroot/lottery_xl/common/kj/qxc/QxcTcw.php(128): common\kj\qxc\QxcTcw::QixingCaiBatchDatas()
#2 /www/wwwroot/lottery_xl/common/kj/qxc/QxcTcw.php(91): common\kj\qxc\QxcTcw::QixingCaiBatch()
#3 /www/wwwroot/lottery_xl/backend/service/HN0898Service.php(1401): common\kj\qxc\QxcTcw::getTcwOne()
#4 /www/wwwroot/lottery_xl/backend/service/StaticService.php(2471): backend\service\HN0898Service::getCurrentQihao()
#5 /www/wwwroot/lottery_xl/backend/service/StaticService.php(2244): backend\service\StaticService::isCanOpStatic()
#6 /www/wwwroot/lottery_xl/backend/modules/cron/controllers/IndexController.php(115): backend\service\StaticService::opAllStaticProfits()
#7 [internal function]: backend\modules\cron\controllers\IndexController->actionStaticSdProfits()
#8 /www/wwwroot/lottery_xl/vendor/yiisoft/yii2/base/InlineAction.php(57): call_user_func_array()
#9 /www/wwwroot/lottery_xl/vendor/yiisoft/yii2/base/Controller.php(157): yii\base\InlineAction->runWithParams()
#10 /www/wwwroot/lottery_xl/vendor/yiisoft/yii2/base/Module.php(528): yii\base\Controller->runAction()
#11 /www/wwwroot/lottery_xl/vendor/yiisoft/yii2/web/Application.php(103): yii\base\Module->runAction()
#12 /www/wwwroot/lottery_xl/vendor/yiisoft/yii2/base/Application.php(387): yii\web\Application->handleRequest()
#13 /www/wwwroot/lottery_xl/backend/web/index.php(23): yii\base\Application->run()
#14 {main}
2021-02-23 21:33:01 [127.0.0.1][-][-][info][application] $_GET = []

$_POST = []

$_FILES = []

$_COOKIE = []

$_SERVER = [
    'USER' => 'www'
    'HOME' => '/home/www'
    'HTTP_ACCEPT' => '*/*'
    'HTTP_USER_AGENT' => 'curl/7.61.1'
    'HTTP_HOST' => 'www.lottery.com'
    'PATH_INFO' => ''
    'REDIRECT_STATUS' => '200'
    'SERVER_NAME' => 'lt.sm0898.com'
    'SERVER_PORT' => '80'
    'SERVER_ADDR' => '127.0.0.1'
    'REMOTE_PORT' => '39868'
    'REMOTE_ADDR' => '127.0.0.1'
    'SERVER_SOFTWARE' => 'nginx/1.18.0'
    'GATEWAY_INTERFACE' => 'CGI/1.1'
    'REQUEST_SCHEME' => 'http'
    'SERVER_PROTOCOL' => 'HTTP/1.1'
    'DOCUMENT_ROOT' => '/www/wwwroot/lottery_xl/backend/web'
    'DOCUMENT_URI' => '/index.php'
    'REQUEST_URI' => '/cron/index/static-sd-profits'
    'SCRIPT_NAME' => '/index.php'
    'CONTENT_LENGTH' => ''
    'CONTENT_TYPE' => ''
    'REQUEST_METHOD' => 'GET'
    'QUERY_STRING' => ''
    'SCRIPT_FILENAME' => '/www/wwwroot/lottery_xl/backend/web/index.php'
    'FCGI_ROLE' => 'RESPONDER'
    'PHP_SELF' => '/index.php'
    'REQUEST_TIME_FLOAT' => 1614087181.8986
    'REQUEST_TIME' => 1614087181
]
2021-02-23 21:41:29 [207.154.195.167][-][-][error][yii\web\HttpException:404] yii\base\InvalidRouteException: Unable to resolve the request "boaform/admin/formLogin". in /www/wwwroot/lottery_xl/vendor/yiisoft/yii2/base/Module.php:537
Stack trace:
#0 /www/wwwroot/lottery_xl/vendor/yiisoft/yii2/web/Application.php(103): yii\base\Module->runAction()
#1 /www/wwwroot/lottery_xl/vendor/yiisoft/yii2/base/Application.php(387): yii\web\Application->handleRequest()
#2 /www/wwwroot/lottery_xl/backend/web/index.php(23): yii\base\Application->run()
#3 {main}

Next yii\web\NotFoundHttpException: 页面未找到。 in /www/wwwroot/lottery_xl/vendor/yiisoft/yii2/web/Application.php:115
Stack trace:
#0 /www/wwwroot/lottery_xl/vendor/yiisoft/yii2/base/Application.php(387): yii\web\Application->handleRequest()
#1 /www/wwwroot/lottery_xl/backend/web/index.php(23): yii\base\Application->run()
#2 {main}
2021-02-23 21:41:29 [207.154.195.167][-][-][info][application] $_GET = []

$_POST = [
    'username' => 'admin'
    'psd' => 'Feefifofum'
]

$_FILES = []

$_COOKIE = []

$_SERVER = [
    'USER' => 'www'
    'HOME' => '/home/www'
    'HTTP_UPGRADE_INSECURE_REQUESTS' => '1'
    'HTTP_REFERER' => 'http://120.77.157.40:80/admin/login.asp'
    'HTTP_CONNECTION' => 'keep-alive'
    'HTTP_ORIGIN' => 'http://120.77.157.40:80'
    'HTTP_CONTENT_LENGTH' => '29'
    'HTTP_CONTENT_TYPE' => 'application/x-www-form-urlencoded'
    'HTTP_ACCEPT_ENCODING' => 'gzip, deflate'
    'HTTP_ACCEPT_LANGUAGE' => 'en-GB,en;q=0.5'
    'HTTP_ACCEPT' => 'text/html,application/xhtml+xml,application/xml;q=0.9,*/*;q=0.8'
    'HTTP_USER_AGENT' => 'Mozilla/5.0 (X11; Ubuntu; Linux x86_64; rv:71.0) Gecko/20100101 Firefox/71.0'
    'HTTP_HOST' => '120.77.157.40:80'
    'PATH_INFO' => ''
    'REDIRECT_STATUS' => '200'
    'SERVER_NAME' => '120.77.157.40'
    'SERVER_PORT' => '80'
    'SERVER_ADDR' => '172.18.225.115'
    'REMOTE_PORT' => '34770'
    'REMOTE_ADDR' => '207.154.195.167'
    'SERVER_SOFTWARE' => 'nginx/1.18.0'
    'GATEWAY_INTERFACE' => 'CGI/1.1'
    'REQUEST_SCHEME' => 'http'
    'SERVER_PROTOCOL' => 'HTTP/1.1'
    'DOCUMENT_ROOT' => '/www/wwwroot/lottery_xl/backend/web'
    'DOCUMENT_URI' => '/index.php'
    'REQUEST_URI' => '/boaform/admin/formLogin'
    'SCRIPT_NAME' => '/index.php'
    'CONTENT_LENGTH' => '29'
    'CONTENT_TYPE' => 'application/x-www-form-urlencoded'
    'REQUEST_METHOD' => 'POST'
    'QUERY_STRING' => ''
    'SCRIPT_FILENAME' => '/www/wwwroot/lottery_xl/backend/web/index.php'
    'FCGI_ROLE' => 'RESPONDER'
    'PHP_SELF' => '/index.php'
    'REQUEST_TIME_FLOAT' => 1614087689.1117
    'REQUEST_TIME' => 1614087689
]
2021-02-23 22:03:14 [34.106.22.21][-][-][error][yii\web\HttpException:404] yii\base\InvalidRouteException: Unable to resolve the request ".env". in /www/wwwroot/lottery_xl/vendor/yiisoft/yii2/base/Module.php:537
Stack trace:
#0 /www/wwwroot/lottery_xl/vendor/yiisoft/yii2/web/Application.php(103): yii\base\Module->runAction()
#1 /www/wwwroot/lottery_xl/vendor/yiisoft/yii2/base/Application.php(387): yii\web\Application->handleRequest()
#2 /www/wwwroot/lottery_xl/backend/web/index.php(23): yii\base\Application->run()
#3 {main}

Next yii\web\NotFoundHttpException: 页面未找到。 in /www/wwwroot/lottery_xl/vendor/yiisoft/yii2/web/Application.php:115
Stack trace:
#0 /www/wwwroot/lottery_xl/vendor/yiisoft/yii2/base/Application.php(387): yii\web\Application->handleRequest()
#1 /www/wwwroot/lottery_xl/backend/web/index.php(23): yii\base\Application->run()
#2 {main}
2021-02-23 22:03:14 [34.106.22.21][-][-][info][application] $_GET = []

$_POST = []

$_FILES = []

$_COOKIE = []

$_SERVER = [
    'USER' => 'www'
    'HOME' => '/home/www'
    'HTTP_CONNECTION' => 'keep-alive'
    'HTTP_ACCEPT' => '*/*'
    'HTTP_ACCEPT_ENCODING' => 'gzip, deflate'
    'HTTP_USER_AGENT' => 'Mozilla/5.0 (X11; Linux x86_64) AppleWebKit/537.36 (KHTML, like Gecko) Chrome/81.0.4044.129 Safari/537.36'
    'HTTP_HOST' => '120.77.157.40'
    'PATH_INFO' => ''
    'REDIRECT_STATUS' => '200'
    'SERVER_NAME' => '120.77.157.40'
    'SERVER_PORT' => '80'
    'SERVER_ADDR' => '172.18.225.115'
    'REMOTE_PORT' => '54376'
    'REMOTE_ADDR' => '34.106.22.21'
    'SERVER_SOFTWARE' => 'nginx/1.18.0'
    'GATEWAY_INTERFACE' => 'CGI/1.1'
    'REQUEST_SCHEME' => 'http'
    'SERVER_PROTOCOL' => 'HTTP/1.1'
    'DOCUMENT_ROOT' => '/www/wwwroot/lottery_xl/backend/web'
    'DOCUMENT_URI' => '/index.php'
    'REQUEST_URI' => '/.env'
    'SCRIPT_NAME' => '/index.php'
    'CONTENT_LENGTH' => ''
    'CONTENT_TYPE' => ''
    'REQUEST_METHOD' => 'GET'
    'QUERY_STRING' => ''
    'SCRIPT_FILENAME' => '/www/wwwroot/lottery_xl/backend/web/index.php'
    'FCGI_ROLE' => 'RESPONDER'
    'PHP_SELF' => '/index.php'
    'REQUEST_TIME_FLOAT' => 1614088994.4318
    'REQUEST_TIME' => 1614088994
]
